[
  {
    "name":"Dungeons",
    "chest_opened_img":"images/chest_open.png",
    "chest_unopened_img":"images/chest_closed.png",
    "children":
    [
      //Deepwood Shrine NO HP
      {
        "name":"Deepwood Shrine",
        "short_name":"DWS",
        "access_rules": [
          "sword,jabber",
          "sword,flippers",
          "bombs,jabber",
          "bombs,flippers",
          "lights,jabber",
          "lights,flippers",
          "lamp,jabber",
          "lamp,flippers",
          "ocarina,flippers",
          "ocarina,cape,jabber"
        ],
        "map_locations": [
          {
            "map":"map",
            "x":2282,
            "y":1800,
            "visibility_rules":["hearts_off"]
          }
        ],
        "sections": [
          {
            "name":"Slug Room",
            "access_rules":["$canDamage"],
            "item_count": 1
          },
          {
            "name":"Upstairs Chest",
            "access_rules": ["gust","lamp"],
            "item_count": 1
          },
          //At Least one small key
          {
            "name":"Barrel Room",
            "access_rules": ["bombs","gust"],
            "item_count": 1
          },
          {
            "name":"West Side",
            "item_count": 2
          },
          //At least two small keys
          {
            "name":"Mulldozer",
            "access_rules":["$canDamage"],
            "item_count": 1
          },
          //these could be one small key with gust
          {
            "name":"Two Lamp Chest",
            "access_rules": ["bombs","gust"],
            "item_count": 1
          },
          {
            "name":"Compass Chest",
            "access_rules":["$canDamage","gust"],
            "item_count": 1
          },
          {
            "name":"Basement Switch Chest",
            "short_name": "Basement Switch Chest",
            "access_rules": ["gust","cape"],
            "chest_opened_img":"images/big_chest_open.png",
            "chest_unopened_img":"images/big_chest_closed.png",
            "item_count": 1
          },
          {
            "name":"Puffstool Room",
            "access_rules": ["bombs","gust"],
            "item_count": 2
          },
          //at least three small keys unless have gust or lamp
          //if gust then one key
          //if lamp then two
          {
            "name":"Madderpillar Chest",
            "access_rules": ["$canDamage"],
            "item_count": 1
          },
          //needs four small keys
          {
            "name":"Big Key Chest",
            "access_rules": ["gust"],
            "item_count": 1
          },
          {
            "name":"Green Chu",
            "access_rules": ["gust"],
            "item_count": 1,
            "chest_unopened_img":"images/Heart Container.png",
            "chest_opened_img":"images/Heart Container Gray.png"
          },
        ]
      },
      //DWS WITH HP
      {
        "name":"Deepwood Shrine",
        "short_name":"DWS",
        "access_rules": [
          "sword,jabber",
          "sword,flippers",
          "bombs,jabber",
          "bombs,flippers",
          "lights,jabber",
          "lights,flippers",
          "lamp,jabber",
          "lamp,flippers",
          "ocarina,flippers",
          "ocarina,cape,jabber"
        ],
        "map_locations": [
          {
            "map":"map",
            "x":2282,
            "y":1800,
            "visibility_rules":["hearts_on"]
          }
        ],
        "sections": [
          {
            "name":"Slug Room",
            "item_count": 1
          },
          {
            "name":"Upstairs Chest",
            "access_rules": ["gust","lamp"],
            "item_count": 1
          },
          //At Least one small key
          {
            "name":"Barrel Room",
            "access_rules": ["bombs","gust"],
            "item_count": 1
          },
          {
            "name":"West Side",
            "item_count": 2
          },
          //At least two small keys
          {
            "name":"Mulldozer",
            "access_rules":["$canDamage"],
            "item_count": 1
          },
          //these could be one small key with gust
          {
            "name":"Two Lamp Chest",
            "access_rules": ["bombs","gust"],
            "item_count": 1
          },
          {
            "name":"Compass Chest",
            "access_rules":["$canDamage, gust"],
            "item_count": 1
          },
          {
            "name":"Basement Switch Chest",
            "short_name": "Basement Switch Chest",
            "access_rules": ["gust","cape"],
            "item_count": 1
          },
          {
            "name":"Blue Warp Heart Piece",
            "short_name":"Blue Warp HP",
            "access_rules": ["bombs","gust"],
            "item_count": 1,
            "chest_unopened_img":"images/Heart Piece.png",
            "chest_opened_img":"images/Heart Piece Gray.png"
          },
          {
            "name":"Puffstool Room",
            "access_rules": ["bombs","gust"],
            "item_count": 2
          },
          //at least three small keys unless have gust or lamp
          //if gust then one key
          //if lamp then two
          {
            "name":"Madderpillar Chest",
            "access_rules": ["$canDamage"],
            "item_count": 1
          },
          {
            "name":"Madderpillar Heart Piece",
            "short_name":"Madderpillar HP",
            "access_rules": ["gust","lamp"],
            "item_count": 1,
            "chest_unopened_img":"images/Heart Piece.png",
            "chest_opened_img":"images/Heart Piece Gray.png"
          },
          //needs three small keys
          {
            "name":"Big Key Chest",
            "access_rules": ["gust"],
            "item_count": 1
          },
          {
            "name":"Green Chu",
            "access_rules": ["gust"],
            "item_count": 1,
            "chest_unopened_img":"images/Heart Container.png",
            "chest_opened_img":"images/Heart Container Gray.png"
          },
        ]
      },
      //Cave of Flames NO HP
      {
        "name": "Cave of Flames",
        "short_name": "CoF",
        "access_rules":[
          "bottle,grip,gust,bombs",
          "bottle,grip,gust,bow",
          "bottle,grip,gust,boomerang",
          "bottle,grip,lights",
          "bottle,grip,cane",
          "bottle,grip,cape",
          "bottle,bombs,cane"
        ],
        "map_locations": [
          {
            "map": "map",
            "x": 323,
            "y": 200,
            "visibility_rules":["hearts_off"]
          }
        ],
        "sections": [
          {
            "name":"Compass Chest",
            "access_rules": [
              "cane,$canDamage",
              "shield,$canDamage",
              "bombs"],
            "item_count": 1,
          },
          {
            "name":"Map Chest Room",
            "access_rules": [
              "cane,$canDamage",
              "shield,$canDamage",
              "bombs"],
            "item_count": 2
          },
          {
            "name":"First Rollobite Room",
            "access_rules": [
              "cane,$canDamage",
              "shield,$canDamage",
              "bombs"],
            "item_count": 2
          },
          //At Least One Small Key
          {
            "name":"Spiny Chu Fight",
            "access_rules": [
              "cane,$canDamage",
              "shield,$canDamage",
              "bombs"],
            "item_count": 1
          },
          {
            "name":"Spiny Chu Pillar Chest",
            "access_rules": ["cane,$canDamage"],
            "item_count": 1
          },
          //At Least two small keys
          {
            "name":"Pre Lava Basement Room",
            "access_rules": ["cane,$canDamage"],
            "item_count": 2
          },
          {
            "name":"Trap Chest",
            "access_rules": ["cane,$canDamage"],
            "item_count": 1
          },
          {
            "name":"Lava Basement",
            "access_rules": ["cane,$canDamage"],
            "item_count": 3
          },
          {
            "name":"Gleerok",
            "access_rules": ["cane,$canDamage"],
            "item_count": 1,
            "chest_unopened_img":"images/Heart Container.png",
            "chest_opened_img":"images/Heart Container Gray.png"
          }
        ]
      },
      //COF WITH HP
      {
        "name": "Cave of Flames",
        "short_name": "CoF",
        "access_rules":[
          "bottle,grip,gust,bombs",
          "bottle,grip,gust,bow",
          "bottle,grip,gust,boomerang",
          "bottle,grip,lights",
          "bottle,grip,cane",
          "bottle,grip,cape",
          "bottle,bombs,cane"
        ],
        "map_locations": [
          {
            "map": "map",
            "x": 323,
            "y": 200,
            "visibility_rules":["hearts_on"]
          }
        ],
        "sections": [
          {
            "name":"Compass Chest",
            "access_rules": [
              "cane,$canDamage",
              "shield,$canDamage",
              "bombs"],
            "item_count": 1,
          },
          {
            "name":"Map Chest Room",
            "access_rules": [
              "cane,$canDamage",
              "shield,$canDamage",
              "bombs"],
            "item_count": 2
          },
          {
            "name":"First Rollobite Room",
            "access_rules": [
              "cane,$canDamage",
              "shield,$canDamage",
              "bombs"],
            "item_count": 2
          },
          //At Least One Small Key
          {
            "name":"Bombable Wall Heart Piece",
            "short_name":"Bomb Wall HP",
            "access_rules": ["bombs"],
            "item_count": 1,
            "chest_unopened_img":"images/Heart Piece.png",
            "chest_opened_img":"images/Heart Piece Gray.png"
          },
          {
            "name":"Spiny Chu Fight",
            "access_rules": [
              "cane,$canDamage",
              "shield,$canDamage",
              "bombs"],
            "item_count": 1
          },
          {
            "name":"Spiny Chu Pillar Chest",
            "access_rules": ["cane,$canDamage"],
            "item_count": 1
          },
          //At Least two small keys
          {
            "name":"Pre Lava Basement Room",
            "access_rules": ["cane,$canDamage"],
            "item_count": 2
          },
          {
            "name":"Trap Chest",
            "access_rules": ["cane,$canDamage"],
            "item_count": 1
          },
          {
            "name":"Lava Basement",
            "access_rules": ["cane,$canDamage"],
            "item_count": 3
          },
          {
            "name":"Gleerok",
            "access_rules": ["cane,$canDamage"],
            "item_count": 1,
            "chest_unopened_img":"images/Heart Container.png",
            "chest_opened_img":"images/Heart Container Gray.png"
          }
        ]
      },
      //Fortress of Winds NO HP
      {
        "name": "Fortress of Winds",
        "access_rules":["sword3,spinattack,cape,kinstoneWilds:3",
          "sword3,spinattack,boots,bow,kinstoneWilds:3"],
        "short_name": "FOW",
        "codes":"fow",
        "map_locations": [
          {
            "map": "map",
            "x":592,
            "y":1800,
            "visibility_rules":["hearts_off"]
          }
        ],
        "sections": [
          {
            "name":"Far Left",
            "access_rules": ["mitts"],
            "item_count": 2
          },
          {
            "name":"Left Side Lower",
            "access_rules":["bow,mitts"],
            "item_count": 2
          },
          {
            "name":"Eyegores",
            "access_rules":["bow"],
            "item_count": 1
          },
          {
            "name":"Far Right",
            "access_rules":["mitts"],
            "item_count": 1
          },
          {
            "name":"Right Side Two Lever Room",
            "short_name":"2 Lever Room",
            "item_count": 2
          },
          {
            "name":"Right Side Climb",
            "access_rules":["mitts"],
            "item_count": 2
          },
          {
            "name":"Map Chest",
            "access_rules":["bow"],
            "item_count": 1
          },
          {
            "name":"Center Path Switch",
            "access_rules":["mitts"],
            "item_count": 1
          },
          //Everything past here needs two keys
          {
            "name":"Mole Mitts Chest",
            "short_name":"Mitts Chest",
            "access_rules":["bow,bombs"],
            "item_count": 1
          },
          {
            "name":"Mitts Room",
            "access_rules":["bow,bombs,mitts"],
            "item_count": 1
          },
          //Everything past here needs three keys
          //Next one needs four small keys
          {
            "name":"Big Key Chest",
            "access_rules":["bow,boots,mitts","bow,cape,mitts"],
            "item_count": 1
          },
          //Big Key
          {
            "name":"Mazaal",
            "access_rules":["bow,mitts"],
            "item_count": 1,
            "chest_unopened_img":"images/Heart Container.png",
            "chest_opened_img":"images/Heart Container Gray.png"
          },
          {
            "name":"FOW Reward",
            "access_rules":["bow,mitts"],
            "item_count": 1
          }
        ]
      },
      //FOW WITH HP
      {
        "name": "Fortress of Winds",
        "access_rules":["sword3,spinattack,cape,kinstoneWilds:3","sword3,spinattack,boots,bow,kinstoneWilds:3"],
        "short_name": "FOW",
        "codes":"fow",
        "map_locations": [
          {
            "map": "map",
            "x":592,
            "y":1800,
            "visibility_rules":["hearts_on"]
          }
        ],
        "sections": [
          {
            "name":"Far Left",
            "access_rules": ["mitts"],
            "item_count": 2
          },
          {
            "name":"Left Side Lower",
            "access_rules":["bow,mitts"],
            "item_count": 2
          },
          {
            "name":"Eyegores",
            "access_rules":["bow"],
            "item_count": 1
          },
          {
            "name":"Far Right",
            "access_rules":["mitts"],
            "item_count": 1
          },
          {
            "name":"Right Side Two Lever Room",
            "short_name":"2 Lever Room",
            "item_count": 2
          },
          {
            "name":"Right Side Climb",
            "access_rules":["mitts"],
            "item_count": 2
          },
          {
            "name":"Far Right Heart Piece",
            "short_name":"Far Right HP",
            "item_count": 1,
            "chest_unopened_img":"images/Heart Piece.png",
            "chest_opened_img":"images/Heart Piece Gray.png"
          },
          {
            "name":"Map Chest",
            "access_rules":["bow"],
            "item_count": 1
          },
          {
            "name":"Center Path Switch",
            "access_rules":["mitts"],
            "item_count": 1
          },
          //Everything past here needs two keys
          {
            "name":"Mole Mitts Chest",
            "short_name":"Mitts Chest",
            "access_rules":["bow,bombs"],
            "item_count": 1
          },
          {
            "name":"Mitts Room",
            "access_rules":["bow,bombs,mitts"],
            "item_count": 1
          },
          //Everything past here needs three keys
          //Next one needs four small keys
          {
            "name":"Big Key Chest",
            "access_rules":["bow,boots,mitts","bow,cape,mitts"],
            "item_count": 1
          },
          //Big Key
          {
            "name":"Mazaal",
            "access_rules":["bow,mitts"],
            "item_count": 1,
            "chest_unopened_img":"images/Heart Container.png",
            "chest_opened_img":"images/Heart Container Gray.png"
          },
          {
            "name":"FOW Reward",
            "access_rules":["bow,mitts"],
            "item_count": 1
          }
        ]
      },
      //Temple of Droplets
      {
        "name": "Temple of Droplets",
        "short_name": "TOD",
        "access_rules":[
          "llrkey,sword,flippers",
          "llrkey,bombs,flippers",
          "llrkey,lamp,flippers",
          "llrkey,lights,flippers",
          "sword,flippers,mitts",
          "bombs,flippers,mitts",
          "lamp,flippers,mitts",
          "lights,flippers,mitts",
          "cape,sword",
          "cape,bombs,",
          "cape,lamp",
          "cape,lights",
          "ocarina,flippers",
          "ocarina,cape"],
        "codes":"tod",
        "map_locations": [
          {
            "map":"map",
            "x":2337,
            "y":1035,
          }
        ],
        "sections": [
          {
            "name":"Small Key Ice Block",
            "item_count": 1
          },
          //Need one key
          {
            "name":"Big Key Ice Block",
            "item_count": 1
          },
          //Need big key
          {
            "name":"Map Chest",
            "item_count": 1
          },
          {
            "name":"Underwater Pot",
            "access_rules":["flippers,gust","flippers,cape"],
            "item_count": 1
          },
          //Need two keys
          {
            "name":"Compass Chest",
            "access_rules":["gust,flippers"],
            "item_count": 1
          },
          {
            "name":"Ice Puzzle Frozen Chests",
            "access_rules":["gust,flippers,lamp"],
            "item_count": 2
          },
          {
            "name":"Ice Puzzle Chest",
            "access_rules":["gust,flippers"],
            "item_count": 1
          },
          //END OF LEFT PATH
          //EVERYTHING ELSE NEEDS GUST/FLIPPERS OR LAMP
          {
            "name":"Right Path Chests",
            "access_rules":["gust,flippers,sword3,spinattack","lamp"],
            "item_count": 2
          },
          {
            "name":"Blue Chu Frozen Chest",
            "access_rules":["gust,flippers,sword3,spinattack","lamp"],
            "item_count": 1
          },
          //blue chu is behind small key
          {
            "name":"Blue Chu",
            "access_rules":["gust,flippers,sword3,spinattack",
              "gust,lamp,sword",
              "gust,lamp,bombs"],
            "item_count": 1
          },
          {
            "name":"Post Blue Chu Frozen Chest",
            "access_rules":["lamp"],
            "item_count": 1
          },
          {
            "name":"Dark Maze",
            "access_rules":["lamp"],
            "item_count": 3
          },
          {
            "name":"Dark Maze Bomb Wall",
            "access_rules":["lamp,bombs"],
            "item_count": 1
          },
          //behind small key
          {
            "name":"Octo",
            "access_rules":["gust,flippers,lamp,bombs,sword3,spinattack"],
            "item_count": 1,
            "chest_unopened_img":"images/Heart Container.png",
            "chest_opened_img":"images/Heart Container.png"
          }
        ]
      },
      //Palace of Winds NO HP
      {
        "name": "Palace of Winds",
        "short_name": "POW",
        "codes":"pow",
        "access_rules": ["bombs,kinstoneFalls,grip,kinstoneClouds:5,mitts,sword4,spinattack",
          "bombs,kinstoneFalls,grip,kinstoneClouds:5,cape,sword4,spinattack"],
        "map_locations": [
          {
            "map": "map",
            "x": 2303,
            "y": 250,
            "visibility_rules":["hearts_off"]
          }
        ],
        "sections": [
          {
            "name":"Firebar Grate",
            "access_rules": ["cape"],
            "item_count": 1
          },
          {
            "name":"Cape Chest",
            "item_count": 1
          },
          {
            "name":"Pot Key",
            "access_rules":["cape,cane,bracelets"],
            "item_count": 1
          },
          //Need one key
          {
            "name":"Moblin Archer Chest",
            "access_rules":["cape,cane"],
            "item_count": 1
          },
          {
            "name":"Flail Soldiers",
            "access_rules":["cape,cane"],
            "item_count": 1
          },
          //Need two keys
          {
            "name":"Spark Chest",
            "access_rules":["cape,cane"],
            "item_count": 1
          },
          //Need three keys
          {
            "name":"Big Key Chest",
            "access_rules":["cape,cane"],
            "item_count": 1
          },
          //SECOND HALF
          //Need Big Key
          {
            "name":"Roller Chest",
            "access_rules":["cape,cane"],
            "item_count": 1
          },
          {
            "name":"Main Room",
            "access_rules":["cape,cane"],
            "item_count": 2
          },
          //Need four keys
          {
            "name":"Wizzrobe Fights",
            "access_rules":["cape,cane"],
            "item_count": 2
          },
          {
            "name":"Switch Chest",
            "access_rules":["cape,cane"],
            "item_count": 1
          },
          //Need five keys
          {
            "name":"Bombarossa Maze",
            "access_rules":["cape,cane"],
            "item_count": 1
          },
          //Need six keys
          {
            "name":"Maze Room",
            "access_rules":["cape,cane"],
            "item_count": 2
          },
          {
            "name":"Gyorg",
            "access_rules":["cape,cane"],
            "item_count": 1,
            "chest_unopened_img":"images/Heart Container.png",
            "chest_opened_img":"images/Heart Container Gray.png"
          }
        ]
      },
      //POW WITH HP
      {
        "name": "Palace of Winds",
        "short_name": "POW",
        "codes":"pow",
        "access_rules": ["bombs,kinstoneFalls,grip,kinstoneClouds:5,mitts,sword4,spinattack",
          "bombs,kinstoneFalls,grip,kinstoneClouds:5,cape,sword4,spinattack"],
        "map_locations": [
          {
            "map": "map",
            "x": 2303,
            "y": 250,
            "visibility_rules":["hearts_on"]
          }
        ],
        "sections": [
          {
            "name":"Firebar Grate",
            "access_rules": ["cape"],
            "item_count": 1
          },
          {
            "name":"Cape Chest",
            "item_count": 1
          },
          {
            "name":"Pot Key",
            "access_rules":["cape,cane,bracelets"],
            "item_count": 1
          },
          //Need one key
          {
            "name":"Moblin Archer Chest",
            "access_rules":["cape,cane"],
            "item_count": 1
          },
          {
            "name":"Flail Soldiers",
            "access_rules":["cape,cane"],
            "item_count": 1
          },
          //Need two keys
          {
            "name":"Spark Chest",
            "access_rules":["cape,cane"],
            "item_count": 1
          },
          //Need three keys
          {
            "name":"Big Key Chest",
            "access_rules":["cape,cane"],
            "item_count": 1
          },
          //SECOND HALF
          //Need Big Key
          {
            "name":"Roller Chest",
            "access_rules":["cape,cane"],
            "item_count": 1
          },
          {
            "name":"Main Room",
            "access_rules":["cape,cane"],
            "item_count": 2
          },
          //Need four keys
          {
            "name":"Wizzrobe Fights",
            "access_rules":["cape,cane"],
            "item_count": 2
          },
          {
            "name":"Heart Piece",
            "access_rules":["cape,cane"],
            "item_count": 1,
            "chest_unopened_img":"images/Heart Piece.png",
            "chest_opened_img":"images/Heart Piece Gray.png"
          },
          {
            "name":"Switch Chest",
            "access_rules":["cape,cane"],
            "item_count": 1
          },
          //Need five keys
          {
            "name":"Bombarossa Maze",
            "access_rules":["cape,cane"],
            "item_count": 1
          },
          //Need six keys
          {
            "name":"Maze Room",
            "access_rules":["cape,cane"],
            "item_count": 2
          },
          {
            "name":"Gyorg",
            "access_rules":["cape,cane"],
            "item_count": 1,
            "chest_unopened_img":"images/Heart Container.png",
            "chest_opened_img":"images/Heart Container Gray.png"
          }
        ]
      },
      //Dark Hyrule Castle
      {
        "name": "Dark Hyrule Castle",
        "short_name": "DHC",
        "codes":"dhc",
        "access_rules": ["sword5"],
        "map_locations": [
          {
            "map": "map",
            "x": 1326,
            "y": 130
          }
        ],
        "sections": [
          {
            "name":"Blade Chest",
            "item_count": 1
          },
          {
            "name":"Map Chest",
            "access_rules":[],
            "item_count": 1
          },
          {
            "name": "Stone King",
            "access_rules": ["bombs"],
            "item_count": 1
          },
          //Needs one key
          {
            "name":"Compass Chest",
            "access_rules":["bombs"],
            "item_count": 1
          },
          {
            "name":"Northeast Tower",
            "access_rules":["bombs,cape,boomerang,lamp",
              "bombs,cape,bow,lamp",
              "bombs,cape,lights,lamp"],
            "item_count": 1
          },
          {
            "name":"Southeast Tower",
            "access_rules":["bombs,cape,boomerang",
              "bombs,cape,bow",
              "bombs,cape,lights"],
            "item_count": 1
          },
          {
            "name":"Southwest Tower",
            "access_rules":["bombs,cape,boomerang",
              "bombs,cape,bow",
              "bombs,cape,lights"],
            "item_count": 1
          },
          {
            "name":"Northwest Tower",
            "access_rules":["bombs,cape,bow"],
            "item_count": 1
          },
          //Needs five keys
          {
            "name":"Big Key Chest",
            "access_rules":["bombs,cape,bow"],
            "item_count": 1
          },
          //Needs big key
          {
            "name":"Vaati",
            "access_rules":["sword5,bombs,cape,bow,cane,gust,lamp"],
            "item_count": 1,
            "chest_unopened_img":"images/TriForce_Gray.png",
            "chest_opened_img":"images/TriForce.png"
          }
        ]
      }
    ]
  }
]
