{
  "name": "Cubesolver's Trackers",
  "packages": [
    {
      "name": "Minish Cap Randomizer Map Tracker",
      "author": "cubesolver111",
      "game_name": "Minish Cap Randomizer",
      "flags": [
        "map",
        "pins",
        "chathud",
        "autotracker"
      ],
      "version": "1.8.0.2",
      "uid": "tmcrando_maptracker_cube",
      "link": "https://github.com/cubesolver111/TMCMapTracker/raw/main/tmcrando_maptracker_cube.zip",
      "variants": [
        {
          "name": "Map Tracker",
          "flags": [
            "map",
            "pins",
            "chathud",
            "autotracker"
          ]
        },
        {
          "name": "Items Only",
          "flags": [
            "chathud",
            "autotracker"
          ]
        },
        {
          "name": "Keysanity Map Tracker",
          "flags": [
            "map",
            "pins",
            "chathud",
            "autotracker"
          ]
        },
        {
          "name": "Items Only w/Keys",
          "flags": [
            "chathud",
            "autotracker"
          ]
        }
      ]
    }
  ]
}
