[
  // DWS
  {
    "name": "Deepwood Shrine",
    "type": "progressive_toggle",
    "capturable": false,
    "stages": [
      {
        "img":"images/chu.png",
        "codes":"dws,dwsunknown",
      },
      {
        "img": "images/chu_earth.png",
        "codes": "dws,earth",
      },
      {
        "img": "images/chu_fire.png",
        "codes": "dws,fire",
      },
      {
        "img": "images/chu_water.png",
        "codes": "dws,water",
      },
      {
        "img": "images/chu_wind.png",
        "codes": "dws,wind",
      }
    ]
  },
  // COF
  {
    "name": "Cave of Flames",
    "type": "progressive_toggle",
    "capturable": false,
    "stages": [
      {
        "img":"images/gleerok.png",
        "codes":"cof,cofunknown",
      },
      {
        "img": "images/gleerok_earth.png",
        "codes": "cof,earth",
      },
      {
        "img": "images/gleerok_fire.png",
        "codes": "cof,fire",
      },
      {
        "img": "images/gleerok_water.png",
        "codes": "cof,water",
      },
      {
        "img": "images/gleerok_wind.png",
        "codes": "cof,wind",
      }
    ]
  },
  // FOW
  {
    "name": "Fortress of Winds",
    "type": "progressive_toggle",
    "capturable": false,
    "stages": [
      {
        "img":"images/mazaal.png",
        "codes":"fow,fowunknown",
      },
      {
        "img": "images/mazaal_earth.png",
        "codes": "fow,earth",
      },
      {
        "img": "images/mazaal_fire.png",
        "codes": "fow,fire",
      },
      {
        "img": "images/mazaal_water.png",
        "codes": "fow,water",
      },
      {
        "img": "images/mazaal_wind.png",
        "codes": "fow,wind",
      }
    ]
  },
  // TOD
  {
    "name": "Temple of Droplets",
    "type": "progressive_toggle",
    "capturable": false,
    "stages": [
      {
        "img":"images/octo.png",
        "codes":"tod,todunknown",
      },
      {
        "img": "images/octo_earth.png",
        "codes": "tod,earth",
      },
      {
        "img": "images/octo_fire.png",
        "codes": "tod,fire",
      },
      {
        "img": "images/octo_water.png",
        "codes": "tod,water",
      },
      {
        "img": "images/octo_wind.png",
        "codes": "tod,wind",
      }
    ]
  },
  // RC
  {
    "name": "Royal Crypt",
    "type": "progressive_toggle",
    "capturable": false,
    "stages": [
      {
        "img":"images/gustaf.png",
        "codes":"rc,rcunknown",
      },
      {
        "img": "images/gustaf_earth.png",
        "codes": "rc,earth",
      },
      {
        "img": "images/gustaf_fire.png",
        "codes": "rc,fire",
      },
      {
        "img": "images/gustaf_water.png",
        "codes": "rc,water",
      },
      {
        "img": "images/gustaf_wind.png",
        "codes": "rc,wind",
      }
    ]
  },
  // POW
  {
    "name": "Palace of Winds",
    "type": "progressive_toggle",
    "capturable": false,
    "stages": [
      {
        "img":"images/gyorg.png",
        "codes":"pow,powunknown",
      },
      {
        "img": "images/gyorg_earth.png",
        "codes": "pow,earth",
      },
      {
        "img": "images/gyorg_fire.png",
        "codes": "pow,fire",
      },
      {
        "img": "images/gyorg_water.png",
        "codes": "pow,water",
      },
      {
        "img": "images/gyorg_wind.png",
        "codes": "pow,wind",
      }
    ]
  },
]
