[
  {
    "name": "Unrandomized",
    "type": "progressive",
    "loop": true,
    "allow_disabled":false,
    "stages":[
      {
        "img": "images/Rando_Off.png",
        "codes": "rando"
      },
      {
        "img": "images/Rando_On.png",
        "codes": "rando_yes",
        "inherit_codes":false
      }
    ]
  },
  {
    "name": "Fusions",
    "type": "progressive",
    "loop": true,
    "allow_disabled": false,
    "stages": [
      {
        "img": "images/Kinstone Bag (Medium) Gray.png",
        "codes": "fusions_off"
      },
      {
        "img":"images/Kinstone Bag (Medium).png",
        "codes": "fusions_on"
      }
    ]
  }
]
