{
    "tracker_broadcast": {
        "type": "array",
        "dropshadow": true,
        "margin": "10",
        "content": [
            {
                "type": "array",
                "orientation": "vertical",
                "content": [
                    {
                        "type": "array",
                        "orientation": "vertical",
                        "content": [
                            {
                                "type": "array",
                                "orientation": "vertical",
                                "content": [
                                    {
                                        "type": "array",
                                        "orientation": "horizontal",
                                        "content": [
                                            {
                                                "type": "itemgrid",
                                                "h_alignment": "center",
                                                "item_margin": "0,0,2,10",
                                                "rows": [
                                                  ["sword","gust","cane","boomerang","wallet","dws","dws_bigkey","dws_smallkey"],
                                                  ["shield","mittsandfly","lamp","bombsremote","wilds","cof","cof_bigkey","cof_smallkey"],
                                                  ["boots","cape","flute","bowandfly","clouds","fow","fow_bigkey","fow_smallkey"],
                                                  ["dogbottle","jabber","mushroom","bothkeys","falls","tod","tod_bigkey","tod_smallkey"],
                                                  ["grip","bracelets","flippersandfly","10hearts","spinattack","pow","pow_bigkey","pow_smallkey"],
                                                  ["quiver","carlov","books","sevenscrolls","trophy","cryptkey","rc","explicit_dhc_bigkey","explicit_dhc_smallkey"]
                                                ]
                                            }
                                        ]
                                    }
                                ]
                            }
                        ]
                    }
                ]
            }
        ]
    }
}
