{
    "tracker_broadcast": {
        "type": "array",
        "dropshadow": true,
        "margin": "10",
        "content": [
            {
                "type": "array",
                "orientation": "vertical",
                "content": [
                    {
                        "type": "itemgrid",
                        "h_alignment": "center",
                        "item_margin": "4,5",
                        "rows": [
                            [
                                "sword",
                                "gust",
                                "cane",
                                "boomerang",
                                "lights",
                                "dws"
                            ],
                            [
                                "shield",
                                "mitts",
                                "lamp",
                                "bombs",
                                "wilds",
                                "cof"
                            ],
                            [
                                "boots",
                                "cape",
                                "flute",
                                "bow",
                                "clouds",
                                "fow"
                            ],
                            [
                                "bottle",
                                "jabber",
                                "mushroom",
                                "llrkey",
                                "falls",
                                "tod"
                            ],
                            [
                                "grip",
                                "bracelets",
                                "flippers",
                                "gravekey",
                                "spinattack",
                                "rc"
                            ],
                            [
                                "10hearts",
                                "sevenscrolls",
                                "carlov",
                                "wallet",
                                "books",
                                "pow"
                            ]
                        ]
                    },
                    {
                        "type": "container",
                        "margin": "0,5,0,0",
                        "content": {
                            "type": "recentpins",
                            "h_alignment": "stretch",
                            "v_alignment": "center",
                            "orientation": "vertical",
                            "compact": true,
                            "num_items": 2
                        }
                    }
                ]
            }
        ]
    }
}
