{
    "tracker_broadcast": {
        "type": "array",
        "dropshadow": true,
        "margin": "10",
        "content": [
            {
                "type": "array",
                "orientation": "vertical",
                "content": [
                    {
                        "type": "itemgrid",
                        "h_alignment": "center",
                        "item_margin": "4,5",
                        "rows": [
                            [
                                "sword",
                                "gust",
                                "cane",
                                "boomerang",
                                "quiver",
                                "dws",
                                "dws_bigkey",
                                "dws_smallkey"
                            ],
                            [
                                "shield",
                                "mittsandfly",
                                "lamp",
                                "bombsremote",
                                "wilds",
                                "cof",
                                "cof_bigkey",
                                "cof_smallkey"
                            ],
                            [
                                "boots",
                                "cape",
                                "flute",
                                "bowandfly",
                                "clouds",
                                "fow",
                                "fow_bigkey",
                                "fow_smallkey"
                            ],
                            [
                                "bottle",
                                "jabber",
                                "mushroom",
                                "bothkeys",
                                "falls",
                                "tod",
                                "tod_bigkey",
                                "tod_smallkey"
                            ],
                            [
                                "grip",
                                "bracelets",
                                "flippersandfly",
                                "genericyellow",
                                "spinattack",
                                "pow",
                                "pow_bigkey",
                                "pow_smallkey"
                            ],
                            [
                                "10hearts",
                                "sevenscrolls",
                                "carlov",
                                "wallet",
                                "books",
                                "rc",
                                "explicit_dhc_bigkey",
                                "explicit_dhc_smallkey"
                            ]
                        ]
                    }
                ]
            }
        ]
    }
}
