{
    "shared_item_grid": {
        "type": "itemgrid",
        "h_alignment": "center",
        "item_margin": "1,2",
        "rows": [
            [
                "sword",
                "gust",
                "cane",
                "boomerang",
                "quiver",
                "dws",
                "dws_bigkey",
                "dws_smallkey"
            ],
            [
                "shield",
                "mitts",
                "lamp",
                "bombs",
                "wilds",
                "cof",
                "cof_bigkey",
                "cof_smallkey"
            ],
            [
                "boots",
                "cape",
                "ocarina",
                "bow",
                "clouds",
                "fow",
                "fow_bigkey",
                "fow_smallkey"
            ],
            [
                "bottle",
                "jabber",
                "mushroom",
                "llrkey",
                "falls",
                "tod",
                "tod_bigkey",
                "tod_smallkey"
            ],
            [
                "grip",
                "bracelets",
                "flippers",
                "gravekey",
                "spinattack",
                "pow",
                "pow_bigkey",
                "pow_smallkey"
            ],
            [
                "10hearts",
                "sevenscrolls",
                "carlov",
                "wallet",
                "books",
                "rc",
                "explicit_dhc_bigkey",
                "explicit_dhc_smallkey"
            ]
        ]
    },
    "tracker_capture_item": {
        "type": "container",
        "content": {
            "type": "itemgrid",
            "h_alignment": "center",
            "item_margin": "1,2",
            "rows": [
                [
                    "sword", "gust", "cane", "boomerang", "quiver","dws","dws_bigkey","dws_smallkey"
                ],
                [
                    "shield", "mitts", "lamp", "bombs", "wilds","cof","cof_bigkey","cof_smallkey"
                ],
                [
                    "boots", "cape", "ocarina", "bow", "clouds","fow","fow_bigkey","fow_smallkey"
                ],
                [
                    "bottle",
                    "jabber",
                    "mushroom",
                    "llrkey",
                    "falls",
                    "tod",
                    "tod_bigkey",
                    "tod_smallkey"
                ],
                [
                    "grip",
                    "bracelets",
                    "flippers",
                    "gravekey",
                    "spinattack",
                    "pow",
                    "pow_bigkey",
                    "pow_smallkey"
                ],
                [
                    "10hearts","sevenscrolls","wallet","carlov","books","rc","explicit_dhc_bigkey","explicit_dhc_smallkey"
                ]
            ]
        }
    },
    "tracker_default": {
        "type": "container",
        "background": "#877373",
        "content": {
            "type": "dock",
            "dropshadow": true,
            "content": [
                {
                    "type": "dock",
                    "dock": "left",
                    "v_alignment": "stretch",
                    "content": [
                        {
                            "type": "group",
                            "header": "Items",
                            "dock": "top",
                            "content": {
                                "type": "layout",
                                "key": "shared_item_grid"
                            }
                        },
                        {
                            "type": "group",
                            "header": "Pinned Locations",
                            "content": {
                                "type": "recentpins",
                                "style": "wrap",
                                "h_alignment": "stretch",
                                "v_alignment": "stretch",
                                "orientation": "vertical",
                                "compact": true
                            }
                        }
                    ]
                },
                {
                    "type": "map"
                }
            ]
        }
    },
    "tracker_horizontal": {
        "type": "container",
        "background": "#877373",
        "content": {
            "type": "dock",
            "dropshadow": true,
            "content": [
                {
                    "type": "dock",
                    "dock": "bottom",
                    "content": [
                        {
                            "type": "group",
                            "header": "Items",
                            "margin": "0,0,3,0",
                            "dock": "left",
                            "content": {
                                "type": "layout",
                                "key": "shared_item_grid"
                            }
                        },
                        {
                            "type": "group",
                            "header": "Pinned Locations",
                            "content": {
                                "type": "recentpins",
                                "style": "wrap",
                                "h_alignment": "stretch",
                                "v_alignment": "stretch",
                                "orientation": "horizontal",
                                "compact": true
                            }
                        },

                    ]
                },
                {
                    "type": "map"
                }
            ]
        }
    },
}
