{
    "shared_item_grid": {
        "type": "itemgrid",
        "h_alignment": "center",
        "item_margin": "1,2",
        "rows": [
            [
                "sword",
                "gust",
                "cane",
                "boomerang",
                "quiver",
                "dws",
                "dws_bigkey",
                "dws_smallkey"
            ],
            [
                "shield",
                "mittsandfly",
                "lamp",
                "bombsremote",
                "wilds",
                "cof",
                "cof_bigkey",
                "cof_smallkey"
            ],
            [
                "boots",
                "cape",
                "ocarina",
                "bowandfly",
                "clouds",
                "fow",
                "fow_bigkey",
                "fow_smallkey"
            ],
            [
                "dogbottle",
                "jabber",
                "mushroom",
                "llrkey",
                "falls",
                "tod",
                "tod_bigkey",
                "tod_smallkey"
            ],
            [
                "grip",
                "bracelets",
                "flippersandfly",
                "gravekey",
                "spinattack",
                "pow",
                "pow_bigkey",
                "pow_smallkey"
            ],
            [
                "10hearts",
                "sevenscrolls",
                "carlov",
                "wallet",
                "books",
                "rc",
                "explicit_dhc_bigkey",
                "explicit_dhc_smallkey"
            ]
        ]
    },
    "tracker_capture_item": {
        "type": "container",
        "content": {
            "type": "itemgrid",
            "h_alignment": "center",
            "item_margin": "1,2",
            "rows": [
                [
                    "sword", "gust", "cane", "boomerang", "quiver","bigkey"
                ],
                [
                    "shield", "mitts", "lamp", "bombs", "wilds","smallkey"
                ],
                [
                    "boots", "cape", "ocarina", "bow", "clouds","genericyellow"
                ],
                [
                    "bottle",
                    "jabber",
                    "mushroom",
                    "llrkey",
                    "falls",
                    "dogfood"
                ],
                [
                    "grip",
                    "bracelets",
                    "flippers",
                    "gravekey",
                    "spinattack",
                    "butterfly"
                ],
                [
                    "10hearts","sevenscrolls","wallet","carlov","books","remotebombs"
                ]
            ]
        }
    },
    "tracker_default": {
        "type": "container",
        "background": "#877373",
        "content": {
            "type": "dock",
            "dropshadow": true,
            "content": [
                {
                    "type": "dock",
                    "dock": "bottom",
                    "content": [
                        {
                            "type": "group",
                            "header": "Items",
                            "dock": "left",
                            "content": {
                                "type": "layout",
                                "key": "shared_item_grid"
                            }
                        },
                        {
                          "type": "group",
                          "header": "Options",
                          "dock":"left",
                          "content": {
                            "type": "itemgrid",
                            "h_alignment": "left",
                            "item_margin": "1,2",
                            "rows": [
                              [
                                "obscure_off",
                              ]
                            ]
                          }
                        },
                        {
                            "type": "group",
                            "header": "Pinned Locations",
                            "content": {
                                "type": "recentpins",
                                "style": "wrap",
                                "h_alignment": "stretch",
                                "v_alignment": "stretch",
                                "orientation": "horizontal",
                                "compact": true
                            }
                        }
                    ]
                },
                {
                    "type": "dock",
                    "content":[
                      {
                        "type":"tabbed",
                        "dock":"top",
                        "tabs":[
                          {
                            "title":"Overworld",
                            "icon":"images/Four Sword.png",
                            "content":{
                              "type":"map",
                              "maps":["map"]
                            }
                          },
                          {
                            "title":"Melari's Mines",
                            "icon":"images/Obscure_On.png",
                            "content":{
                              "type":"map",
                              "maps":["mines"]
                            }
                          },
                          {
                            "title":"Deepwood Shrine",
                            "icon":"images/Gust Jar.png",
                            "content":{
                              "type":"map",
                              "maps":["dws"]
                            }
                          },
                          {
                            "title":"Cave of Flames",
                            "icon":"images/Cane of Pacci.png",
                            "content":{
                              "type":"map",
                              "maps":["cof"]
                            }
                          },
                          {
                            "title":"Fortress of Winds",
                            "icon":"images/Mole Mitts.png",
                            "content":{
                              "type":"map",
                              "maps":["fow"]
                            }
                          },
                          {
                            "title":"Temple of Droplets",
                            "icon":"images/Lamp (Lit).png",
                            "content":{
                              "type":"map",
                              "maps":["tod"]
                            }
                          },
                          {
                            "title":"Royal Crypt",
                            "icon":"images/Gold Kinstone (Falls).png",
                            "content":{
                              "type":"map",
                              "maps":["rc"]
                            }
                          },
                          {
                            "title":"Palace of Winds",
                            "icon":"images/Roc's Cape.png",
                            "content":{
                              "type":"map",
                              "maps":["pow"]
                            }
                          },
                          {
                            "title":"Dark Hyrule Castle",
                            "icon":"images/Obscure_On.png",
                            "content":{
                              "type":"map",
                              "maps":["dhc"]
                            }
                          },
                        ]
                      }
                    ]
                }
            ]
        }
    }
}
