{
    "shared_item_grid": {
      "type": "array",
      "orientation": "vertical",
      "content": [
        {
          "type": "array",
          "orientation": "horizontal",
          "content": [
            {
              "type": "itemgrid",
              "h_alignment": "center",
              "item_margin": "0,0,2,10",
              "badge_font_size": 9,
              "rows": [
                ["sword","gust","cane","boomerang","wallet","dws","dws_bigkey","dws_smallkey"],
                ["shield","mittsandfly","lamp","bombsremote","wilds","cof","cof_bigkey","cof_smallkey"],
                ["boots","cape","flute","bowandfly","clouds","fow","fow_bigkey","fow_smallkey"],
                ["bottle","jabber","mushroom","bothkeys","falls","tod","tod_bigkey","tod_smallkey"],
                ["grip","bracelets","flippersandfly","10hearts","spinattack","pow","pow_bigkey","pow_smallkey"],
                ["quiver","carlov","books","sevenscrolls","cryptkey","rc","explicit_dhc_bigkey","explicit_dhc_smallkey"]
              ]
            },
          ]
        }
      ]
    },
    "tracker_capture_item": {
      "type": "container",
      "content": {
        "type": "itemgrid",
        "h_alignment": "center",
        "item_margin": "0,0,2,10",
        "rows": [
          [
              "sword", "gust", "cane", "boomerang", "quiver","bigkey"
          ],
          [
              "shield", "mitts", "lamp", "bombs", "wilds","smallkey"
          ],
          [
              "boots", "cape", "ocarina", "bow", "clouds","genericyellow"
          ],
          [
              "bottle",
              "jabber",
              "mushroom",
              "llrkey",
              "falls",
              "dogfood"
          ],
          [
              "grip",
              "bracelets",
              "flippers",
              "gravekey",
              "spinattack",
              "butterfly"
          ],
          [
              "10hearts","sevenscrolls","wallet","carlov","books","remotebombs"
          ]
        ]
      }
    },
    "tracker_default": {
        "type": "container",
        "background": "#877373",
        "content": {
            "type": "dock",
            "dropshadow": true,
            "content": [
                {
                    "type": "dock",
                    "dock": "left",
                    "v_alignment": "stretch",
                    "margin":"0,0,3,0",
                    "content": [
                        {
                            "type": "group",
                            "header": "Items",
                            "dock": "left",
                            "content": {
                                "type": "layout",
                                "key": "shared_item_grid"
                            }
                        },
                        {
                          "type": "group",
                          "header": "Options",
                          "dock":"left",
                          "content": {
                            "type": "itemgrid",
                            "h_alignment": "left",
                            "item_margin": "1,2",
                            "rows": [
                              [
                                "obscure_off",
                              ]
                            ]
                          }
                        },
                        {
                            "type": "group",
                            "header": "Pinned Locations",
                            "dock":"bottom",
                            "content": {
                                "type": "recentpins",
                                "style": "wrap",
                                "h_alignment": "stretch",
                                "v_alignment": "stretch",
                                "orientation": "horizontal",
                                "compact": true
                            }
                        },
                        {
                            "type": "dock",
                            "content":[
                              {
                                "type":"tabbed",
                                "dock":"top",
                                "tabs":[
                                  {
                                    "title":"Overworld",
                                    "icon":"images/Four Sword.png",
                                    "content":{
                                      "type":"map",
                                      "maps":["map"]
                                    }
                                  },
                                  {
                                    "title":"Melari's Mines",
                                    "icon":"images/Obscure_On.png",
                                    "content":{
                                      "type":"map",
                                      "maps":["mines"]
                                    }
                                  }
                                ]
                              }
                            ]
                        }
                    ]
                },
            ]
        }
    },
  }
