{
    "shared_item_grid": {
        "type": "itemgrid",
        "h_alignment": "center",
        "item_margin": "1,2",
        "rows": [
            ["sword","gust","cane","boomerang","wilds","dws"],
            ["shield","mittsandfly","lamp","bombsremote","clouds","cof"],
            ["boots","cape","ocarina","bowandfly","falls","fow"],
            ["dogbottle","nutandshroom","bothkeys","ringandbracelets","flippersandfly","tod"],
            ["10hearts","sevenscrolls","carlovtingle","wallet","books","rc"],
            ["earth","fire","water","wind","spinandbeam","pow"]
        ]
    },
    "tracker_capture_item": {
        "type": "container",
        "content": {
            "type": "layout",
            "key": "shared_item_grid"
        }
    },
    "tracker_default": {
        "type": "container",
        "width": 270,
        //"height": 250,
        "background": "#212121",
        "content": {
            "dropshadow": true,
            "margin": 5,
            "type": "layout",
            "key": "shared_item_grid"
        }
    }
}
