[
  {
    "name":"Dungeons",
    "chest_opened_img":"images/chest_open.png",
    "chest_unopened_img":"images/chest_closed.png",
    "children":
    [
      //DWS
      {
        "name":"Deepwood Shrine",
        "short_name":"DWS",
        "access_rules": [
          "sword,jabber",
          "sword,flippers",
          "bombs,jabber",
          "bombs,flippers",
          "lights,jabber",
          "lights,flippers",
          "lamp,jabber",
          "lamp,flippers",
          "ocarina,flippers",
          "ocarina,jabber"
        ],
        "map_locations": [
          {
            "map":"map",
            "x":2282,
            "y":1800
          }
        ],
        "sections": [
          {
            "name":"Slug Room",
            "item_count": 1
          },
          {
            "name":"Upstairs Chest",
            "access_rules": ["gust","lamp"],
            "item_count": 1
          },
          //At Least one small key
          {
            "name":"Barrel Room Northwest",
            "access_rules": ["bombs,dws_smallkey:1","gust,dws_smallkey:1"],
            "item_count": 1
          },
          {
            "name":"West Side Big Chest",
            "access_rules": ["dws_smallkey:1"],
            "item_count": 1,
            "chest_unopened_img":"images/big_chest_closed.png",
            "chest_opened_img":"images/big_chest_open.png"
          },
          {
            "name":"Two Statue Room",
            "access_rules": ["dws_smallkey:1"],
            "item_count": 1
          },
          //At least two small keys
          {
            "name":"Mulldozer Key",
            "access_rules":["$canDamage,dws_smallkey:4","$canDamage,$hasNoGust,dws_smallkey:2"],
            "item_count": 1,
            "chest_unopened_img":"images/Small Key.png",
            "chest_opened_img":"images/Small Key Done.png"
          },
          //these could be one small key with gust
          {
            "name":"Two Lamp Chest",
            "access_rules": ["bombs,dws_smallkey:2","gust,dws_smallkey:1"],
            "item_count": 1
          },
          {
            "name":"Basement Switch Room Big Chest",
            "access_rules":["$canDamage, gust, dws_smallkey:1","dws_smallkey:2"],
            "item_count": 1,
            "chest_unopened_img":"images/big_chest_closed.png",
            "chest_opened_img":"images/big_chest_open.png"
          },
          {
            "name":"Basement Switch Chest",
            "short_name": "Basement Switch Chest",
            "access_rules": ["gust,dws_smallkey:1","cape,dws_smallkey:2"],
            "item_count": 1
          },
          {
            "name":"Blue Warp Heart Piece",
            "short_name":"Blue Warp HP",
            "access_rules": ["bombs,dws_smallkey:2","gust,dws_smallkey","{dws_smallkey:2}"],
            "capture_item":true,
            "item_count": 1,
            "chest_unopened_img":"images/Heart Piece.png",
            "chest_opened_img":"images/Heart Piece Gray.png"
          },
          {
            "name":"Puffstool Room",
            "access_rules": ["bombs,dws_smallkey:2","gust,dws_smallkey:1"],
            "item_count": 2
          },
          //at least three small keys unless have gust or lamp
          //if gust then one key
          //if lamp then two
          {
            "name":"Madderpillar Chest",
            "access_rules": ["$canDamage,dws_smallkey:4","dws_smallkey:2,lamp","dws_smallkey:1,lamp,gust"],
            "item_count": 1,
            "chest_unopened_img":"images/big_chest_closed.png",
            "chest_opened_img":"images/big_chest_open.png"
          },
          {
            "name":"Madderpillar Heart Piece",
            "short_name":"Madderpillar HP",
            "access_rules": ["dws_smallkey:4","dws_smallkey:2,lamp","dws_smallkey:1,gust,lamp","{dws:smallkey:1}"],
            "capture_item": true,
            "item_count": 1,
            "chest_unopened_img":"images/Heart Piece.png",
            "chest_opened_img":"images/Heart Piece Gray.png"
          },
          //needs three small keys
          {
            "name":"Basement Big Chest",
            "access_rules": ["gust,dws_smallkey:4"],
            "item_count": 1,
            "chest_unopened_img":"images/big_chest_closed.png",
            "chest_opened_img":"images/big_chest_open.png"
          },
          {
            "name":"Green Chu",
            "access_rules": ["gust,sword,dws_bigkey"],
            "item_count": 1,
            "chest_unopened_img":"images/Heart Container.png",
            "chest_opened_img":"images/Heart Container Gray.png"
          }
        ]
      },
      //COF
      {
        "name": "Cave of Flames",
        "short_name": "CoF",
        "access_rules":[
          "sword,spinattack,bottle,grip,gust,bombs",
          "sword,spinattack,bottle,grip,gust,bow",
          "sword,spinattack,bottle,grip,gust,boomerang",
          "sword,spinattack,bottle,grip,lights",
          "sword,spinattack,bottle,grip,cane",
          "bottle,grip,cape",
          "sword,spinattack,bottle,bombs,cane",
          "flippers,bottle,grip,gust,bombs",
          "flippers,bottle,grip,gust,bow",
          "flippers,bottle,grip,gust,boomerang",
          "flippers,bottle,grip,lights",
          "flippers,bottle,grip,cane",
          "flippers,bottle,bombs,cane"
        ],
        "map_locations": [
          {
            "map": "map",
            "x": 323,
            "y": 200
          }
        ],
        "sections": [
          {
            "name":"Spiny Beetle Fight",
            "access_rules": [
              "cane,$canDamage",
              "shield,$canDamage",
              "bombs"],
            "item_count": 1,
            "chest_unopened_img":"images/big_chest_closed.png",
            "chest_opened_img":"images/big_chest_open.png"
          },
          {
            "name":"Big Chest Room",
            "access_rules": [
              "cane,$canDamage",
              "shield,$canDamage",
              "bombs"],
            "item_count": 2,
            "clear_as_group": false,
          },
          {
            "name":"First Rollobite Room",
            "access_rules": [
              "cane,$canDamage",
              "shield,$canDamage",
              "bombs"],
            "item_count": 2,
            "clear_as_group": false
          },
          //At Least One Small Key
          {
            "name":"Bombable Wall Heart Piece",
            "short_name":"Bomb Wall HP",
            "access_rules": ["bombs,sword,cof_smallkey:1",
              "{cane,$canDamage,cof_smallkey:1}",
              "{shield,$canDamage,cof_smallkey:1}",
              "{bombs,cof_smallkey:1}"],
            "capture_item": true,
            "item_count": 1,
            "chest_unopened_img":"images/Heart Piece.png",
            "chest_opened_img":"images/Heart Piece Gray.png"
          },
          {
            "name":"Spiny Chu Fight",
            "access_rules": [
              "cane,sword,cof_smallkey:1",
              "shield,sword,cof_smallkey:1",
              "bombs,sword,cof_smallkey:1"],
            "item_count": 1,
            "chest_unopened_img":"images/big_chest_closed.png",
            "chest_opened_img":"images/big_chest_open.png"
          },
          {
            "name":"Spiny Chu Pillar Chest",
            "access_rules": ["cane,sword,cof_smallkey:1"],
            "item_count": 1
          },
          //At Least two small keys
          {
            "name":"Pre Lava Basement Room",
            "access_rules": ["cane,sword,cof_smallkey:2"],
            "item_count": 2,
            "clear_as_group": false,
          },
          {
            "name":"Blade Chest",
            "access_rules": ["cane,sword,cof_smallkey:2"],
            "item_count": 1
          },
          {
            "name":"Lava Basement (Left,Right)",
            "access_rules": ["cane,sword,cof_smallkey:2"],
            "item_count": 2,
            "clear_as_group": false,
          },
          {
            "name":"Lava Basement Big Chest",
            "access_rules": ["cane,sword,cof_smallkey:2"],
            "item_count":1,
            "chest_unopened_img":"images/big_chest_closed.png",
            "chest_opened_img":"images/big_chest_open.png"
          },
          {
            "name":"Gleerok",
            "access_rules": ["cane,sword,cof_smallkey:2,cof_bigkey"],
            "item_count": 1,
            "chest_unopened_img":"images/Heart Container.png",
            "chest_opened_img":"images/Heart Container Gray.png"
          }
        ]
      },
      //FOW
      {
        "name": "Fortress of Winds",
        "access_rules":["sword3,spinattack,cape,kinstoneWilds:3",
          "sword3,spinattack,boots,bow,kinstoneWilds:3",
          "sword3,spinattack,boots,flippers,kinstoneWilds:3"],
        "short_name": "FOW",
        "codes":"fow",
        "map_locations": [
          {
            "map": "map",
            "x":592,
            "y":1800
          }
        ],
        "sections": [
          {
            "name":"Entrance Far Left + Wizzrobe Fight",
            "access_rules": ["mitts"],
            "item_count": 2,
            "clear_as_group": false
          },
          {
            "name":"Left Side Mitts Chests",
            "access_rules":["bow,mitts"],
            "item_count": 2,
            "clear_as_group": false
          },
          {
            "name":"Eyegores",
            "access_rules":["bow"],
            "item_count": 1,
            "chest_unopened_img":"images/big_chest_closed.png",
            "chest_opened_img":"images/big_chest_open.png"
          },
          {
            "name":"Left Side Key Drop",
            "access_rules":["bow"],
            "item_count": 1,
            "chest_unopened_img":"images/Small Key.png",
            "chest_opened_img":"images/Small Key Done.png"
          },
          {
            "name":"Right Side Two Lever Room",
            "short_name":"2 Lever Room",
            "item_count": 2
          },
          {
            "name":"Right Side Mitts Chests",
            "access_rules":["mitts"],
            "item_count": 2,
            "clear_as_group": false
          },
          {
            "name":"Right Side Key Drop",
            "item_count": 1,
            "chest_unopened_img":"images/Small Key.png",
            "chest_opened_img":"images/Small Key Done.png"
          },
          {
            "name":"Right Side Heart Piece",
            "short_name":"Far Right HP",
            "item_count": 1,
            "chest_unopened_img":"images/Heart Piece.png",
            "chest_opened_img":"images/Heart Piece Gray.png"
          },
          {
            "name":"Pedestal Chest",
            "access_rules":["bow"],
            "item_count": 1,
            "chest_unopened_img":"images/big_chest_closed.png",
            "chest_opened_img":"images/big_chest_open.png"
          },
          {
            "name":"Center Path Switch",
            "access_rules":["mitts"],
            "item_count": 1
          },
          //Everything past here needs two keys
          {
            "name":"Bombable Wall Big Chest",
            "access_rules":["bow,bombs,fow_smallkey:2"],
            "item_count": 1,
            "chest_unopened_img":"images/big_chest_closed.png",
            "chest_opened_img":"images/big_chest_open.png"
          },
          {
            "name":"Bombable Wall Small Chest",
            "access_rules":["bow,bombs,mitts,fow_smallkey:2"],
            "item_count": 1
          },
          {
            "name":"Clone Puzzle Key Drop",
            "access_rules":["bow,fow_smallkey:2"],
            "item_count": 1,
            "chest_unopened_img":"images/Small Key.png",
            "chest_opened_img":"images/Small Key Done.png"
          },
          //Everything past here needs three keys
          {
            "name":"Minish Dirt Room Key Drop",
            "access_rules":["bow,mitts,fow_smallkey:3"],
            "item_count": 1,
            "chest_unopened_img":"images/Small Key.png",
            "chest_opened_img":"images/Small Key Done.png"
          },
          //Next one needs four small keys
          {
            "name":"Skull Room Chest",
            "access_rules":["bow,mitts,fow_smallkey:4"],
            "item_count": 1,
            "chest_unopened_img":"images/big_chest_closed.png",
            "chest_opened_img":"images/big_chest_open.png"
          },
          //Big Key
          {
            "name":"Mazaal",
            "access_rules":["bow,mitts,fow_bigkey"],
            "item_count": 1,
            "chest_unopened_img":"images/Heart Container.png",
            "chest_opened_img":"images/Heart Container Gray.png"
          },
          {
            "name":"FOW Reward",
            "access_rules":["bow,mitts,fow_bigkey"],
            "item_count": 1
          }
        ]
      },
      //Royal Crypt
      {
        "name":"Royal Crypt",
        "access_rules":["gravekey,sword4,boots,spinattack,bombs","gravekey,sword4,boots,spinattack,cape","gravekey,sword4,boots,spinattack,flippers"],
        "map_locations": [
          {
            "map":"map",
            "x":827,
            "y":150
          }
        ],
        "sections": [
          {
            "name":"Gibdos",
            "item_count": 1,
            "chest_unopened_img":"images/Small Key.png",
            "chest_opened_img":"images/Small Key.png"
          },
          {
            "name":"Other Gibdos",
            "item_count": 1
          },
          {
            "name":"Left Path",
            "chest_unopened_img":"images/Small Key.png",
            "chest_opened_img":"images/Small Key.png"
          },
          {
            "name":"Right Path",
            "item_count":1,
            "chest_unopened_img":"images/Small Key.png",
            "chest_opened_img":"images/Small Key.png"
          },
          {
            "name":"King Gustaf",
            "access_rules": ["lamp"],
            "item_count": 1
          }
        ]
      },
      //Temple of Droplets
      {
        "name": "Temple of Droplets",
        "short_name": "TOD",
        "access_rules":[
          "llrkey,sword,flippers",
          "llrkey,bombs,flippers",
          "llrkey,lamp,flippers",
          "llrkey,lights,flippers",
          "sword,flippers,mitts",
          "bombs,flippers,mitts",
          "lamp,flippers,mitts",
          "lights,flippers,mitts",
          "cape,sword",
          "cape,bombs,",
          "cape,lamp",
          "cape,lights",
          "ocarina,flippers",
          "ocarina,cape"],
        "codes":"tod",
        "map_locations": [
          {
            "map":"map",
            "x":2337,
            "y":1035
          }
        ],
        "sections": [
          {
            "name":"First Ice Block",
            "item_count": 1
          },
          //Need one key
          {
            "name":"Small Key Locked Ice Block",
            "access_rules":["tod_smallkey:4"],
            "item_count": 1
          },
          //Need big key
          {
            "name":"Post Madderpillar Chest",
            "access_rules":["tod_bigkey,tod_smallkey:4,bombs"],
            "item_count": 1,
            "chest_unopened_img":"images/big_chest_closed.png",
            "chest_opened_img":"images/big_chest_open.png"
          },
          {
            "name":"Underwater Pot",
            "access_rules":["flippers,gust,tod_bigkey","flippers,cape,tod_bigkey"],
            "item_count": 1,
            "chest_unopened_img":"images/Small Key.png",
            "chest_opened_img":"images/Small Key Done.png"
          },
          //Need two keys
          {
            "name":"Overhang Chest",
            "access_rules":["tod_bigkey"],
            "item_count": 1,
            "chest_unopened_img":"images/big_chest_closed.png",
            "chest_opened_img":"images/big_chest_open.png"
          },
          {
            "name":"Ice Puzzle Frozen Chest",
            "access_rules":["gust,flippers,lamp,tod_bigkey,tod_smallkey:4"],
            "item_count": 1
          },
          {
            "name":"Ice Plain Frozen Chest",
            "access_rules":["gust,flippers,lamp,tod_bigkey,tod_smallkey:4","lamp,$canDamage,cape,tod_bigkey,tod_smallkey:4"],
            "item_count":1
          },
          {
            "name":"Ice Puzzle Free Chest",
            "access_rules":["gust,flippers,tod_bigkey,tod_smallkey:4"],
            "item_count": 1
          },
          //END OF LEFT PATH
          //EVERYTHING ELSE NEEDS GUST/FLIPPERS OR LAMP
          {
            "name":"Right Path Ice Walkway Chests",
            "access_rules":["gust,flippers,sword3,spinattack,tod_bigkey,tod_smallkey:4","lamp,tod_bigkey"],
            "item_count": 2
          },
          {
            "name":"Blue Chu Frozen Chest",
            "access_rules":["gust,flippers,sword3,spinattack,tod_bigkey,tod_smallkey:4","lamp,tod_bigkey"],
            "item_count": 1,
          },
          //blue chu is behind small key
          {
            "name":"Blue Chu",
            "access_rules":["gust,flippers,sword3,spinattack,tod_bigkey,tod_smallkey:4",
              "gust,lamp,sword,tod_bigkey,tod_smallkey:4",
              "gust,lamp,bombs,tod_bigkey,tod_smallkey:4"],
            "item_count": 1,
            "chest_unopened_img":"images/big_chest_closed.png",
            "chest_opened_img":"images/big_chest_open.png"
          },
          {
            "name":"Post Blue Chu Frozen Chest",
            "access_rules":["lamp,tod_bigkey"],
            "item_count": 1
          },
          {
            "name":"Dark Maze",
            "access_rules":["lamp,$canDamage,tod_bigkey"],
            "item_count": 3,
            "clear_as_group": false
          },
          {
            "name":"Dark Maze Bomb Wall",
            "access_rules":["lamp,bombs,tod_bigkey"],
            "item_count": 1,
            "chest_unopened_img":"images/Small Key.png",
            "chest_opened_img":"images/Small Key Done.png"
          },
          //behind small key
          {
            "name":"Octo",
            "access_rules":["gust,flippers,lamp,bombs,sword3,spinattack,tod_bigkey,tod_smallkey:4","cape,lamp,bombs,sword3,spinattack,tod_bigkey,tod_smallkey:4"],
            "item_count": 1,
            "chest_unopened_img":"images/Heart Container.png",
            "chest_opened_img":"images/Heart Container Gray.png"
          }
        ]
      },
      //POW
      {
        "name": "Palace of Winds",
        "short_name": "POW",
        "codes":"pow",
        "access_rules": ["bombs,kinstoneFalls,grip,kinstoneClouds:5,mitts,sword4,spinattack",
          "bombs,kinstoneFalls,grip,kinstoneClouds:5,cape,sword4,spinattack"],
        "map_locations": [
          {
            "map": "map",
            "x": 2303,
            "y": 250
          }
        ],
        "sections": [
          {
            "name":"Firebar Grate",
            "access_rules": ["cape"],
            "item_count": 1
          },
          {
            "name":"Wizzrobe Platform Fight",
            "access_rules":["cape,bombs,boomerang"],
            "item_count": 1,
            "chest_unopened_img":"images/big_chest_closed.png",
            "chest_opened_img":"images/big_chest_open.png"
          },
          {
            "name":"Pot Puzzle Key",
            "access_rules":["cape,cane,bracelets"],
            "item_count": 1,
            "chest_unopened_img":"images/Small Key.png",
            "chest_opened_img":"images/Small Key Done.png"
          },
          //Need one key
          {
            "name":"Moblin Archer Chest",
            "access_rules":["cape,cane,pow_smallkey:1"],
            "item_count": 1
          },
          {
            "name":"Flail Soldiers",
            "access_rules":["cape,cane,pow_smallkey:1"],
            "item_count": 1,
            "chest_unopened_img":"images/Small Key.png",
            "chest_opened_img":"images/Small Key Done.png"
          },
          //Need two keys
          {
            "name":"Spark Chest",
            "access_rules":["cape,cane,pow_smallkey:5"],
            "item_count": 1
          },
          //Need three keys
          {
            "name":"Pre Big Key Door Big Chest",
            "access_rules":["cape,cane,pow_smallkey:6"],
            "item_count": 1,
            "chest_unopened_img":"images/big_chest_closed.png",
            "chest_opened_img":"images/big_chest_open.png"
          },
          //SECOND HALF
          //Need Big Key
          {
            "name":"Roller Chest",
            "access_rules":["cape,cane,pow_bigkey,pow_smallkey:1"],
            "item_count": 1
          },
          {
            "name":"Dark Room Big and Small",
            "access_rules":["cape,cane,pow_bigkey,pow_smallkey:1"],
            "clear_as_group": false,
            "item_count": 2
          },
          //Need four keys
          {
            "name":"Wizzrobe Fights",
            "access_rules":["cape,cane,pow_bigkey,pow_smallkey:4"],
            "item_count": 2,
            "clear_as_group": false
          },
          {
            "name":"Heart Piece",
            "access_rules":["cape,cane,pow_bigkey,pow_smallkey:4","{cape,cane}"],
            "capture_item": true,
            "item_count": 1,
            "chest_unopened_img":"images/Heart Piece.png",
            "chest_opened_img":"images/Heart Piece Gray.png"
          },
          {
            "name":"Switch Chest",
            "access_rules":["cape,cane,bombs,pow_bigkey,pow_smallkey:4","cape,cane,boomerang,pow_bigkey,pow_smallkey:4"],
            "item_count": 1
          },
          //Need five keys
          {
            "name":"Bombarossa Maze",
            "access_rules":["cape,cane,pow_bigkey,pow_smallkey:5"],
            "item_count": 1
          },
          //Need six keys
          {
            "name":"Block Maze Room",
            "access_rules":["cape,cane,pow_bigkey,pow_smallkey:6"],
            "item_count": 2,
            "clear_as_group": false
          },
          {
            "name":"Gyorg",
            "access_rules":["cape,cane,pow_bigkey,pow_smallkey:6"],
            "item_count": 1,
            "chest_unopened_img":"images/Heart Container.png",
            "chest_opened_img":"images/Heart Container Gray.png"
          }
        ]
      },
      //Dark Hyrule Castle
      {
        "name": "Dark Hyrule Castle",
        "short_name": "DHC",
        "codes":"dhc",
        "access_rules": ["sword5,spinattack"],
        "map_locations": [
          {
            "map": "map",
            "x": 1326,
            "y": 130
          }
        ],
        "sections": [
          {
            "name":"Blade Chest",
            "item_count": 1,
            "chest_unopened_img":"images/Small Key.png",
            "chest_opened_img":"images/Small Key Done.png"
          },
          {
            "name":"Platform Chest",
            "item_count": 1,
            "chest_unopened_img":"images/big_chest_closed.png",
            "chest_opened_img":"images/big_chest_open.png"
          },
          {
            "name": "Stone King",
            "access_rules": ["bombs"],
            "item_count": 1,
            "chest_unopened_img":"images/Small Key.png",
            "chest_opened_img":"images/Small Key Done.png"
          },
          //Needs one key
          {
            "name":"Post Throne Big Chest",
            "access_rules":["bombs,explicit_dhc_smallkey:2"],
            "item_count": 1,
            "chest_unopened_img":"images/big_chest_closed.png",
            "chest_opened_img":"images/big_chest_open.png"
          },
          {
            "name":"Northeast Tower",
            "access_rules":["bombs,cape,boomerang,lamp,explicit_dhc_smallkey:2",
              "bombs,cape,bow,lamp,explicit_dhc_smallkey:2",
              "bombs,cape,lights,lamp,explicit_dhc_smallkey:2"],
            "item_count": 1,
            "chest_unopened_img":"images/Small Key.png",
            "chest_opened_img":"images/Small Key Done.png"
          },
          {
            "name":"Southeast Tower",
            "access_rules":["bombs,cape,boomerang,explicit_dhc_smallkey:2",
              "bombs,cape,bow,explicit_dhc_smallkey:2",
              "bombs,cape,lights,explicit_dhc_smallkey:2"],
            "item_count": 1,
            "chest_unopened_img":"images/Small Key.png",
            "chest_opened_img":"images/Small Key Done.png"
          },
          {
            "name":"Southwest Tower",
            "access_rules":["bombs,cape,boomerang,explicit_dhc_smallkey:2",
              "bombs,cape,bow,explicit_dhc_smallkey:2",
              "bombs,cape,lights,explicit_dhc_smallkey:2"],
            "item_count": 1,
            "chest_unopened_img":"images/Small Key.png",
            "chest_opened_img":"images/Small Key Done.png"
          },
          {
            "name":"Northwest Tower",
            "access_rules":["bombs,cape,bow,explicit_dhc_smallkey:2"],
            "item_count": 1,
            "chest_unopened_img":"images/Small Key.png",
            "chest_opened_img":"images/Small Key Done.png"
          },
          //Needs five keys
          {
            "name":"Big Block Chest",
            "access_rules":["bombs,cape,bow,lamp,explicit_dhc_smallkey:6"],
            "item_count": 1,
            "chest_unopened_img":"images/big_chest_closed.png",
            "chest_opened_img":"images/big_chest_open.png"
          },
          //Needs big key
          {
            "name":"Vaati",
            "access_rules":["sword5,bombs,cape,bow,cane,gust,lamp,explicit_dhc_smallkey:6,explicit_dhc_bigkey"],
            "item_count": 1,
            "chest_unopened_img":"images/TriForce.png",
            "chest_opened_img":"images/TriForce_Gray.png"
          }
        ]
      }
    ]
  }
]
