
[
  {
    "name":"World",
    "chest_unopened_img":"images/chest_closed.png",
    "chest_opened_img":"images/chest_open.png",
    "children":
    [
      //Trilby Highlands
      {
        "name":"Trilby Highlands",
        "access_rules":["sword,spinattack","cape","flippers"],
        "children":[
          //Mount Crenel Base
          {
            "name":"Mount Crenel Base",
            "access_rules":["bottle"],
            "children":[
              //Mount Crenel
              {
                "name":"Mount Crenel",
                "access_rules":[
                  "bombs",
                  "grip"
                ],
                "children":[
                  //Bridge Cave
                  {
                    "name":"Bridge Cave",
                    "access_rules":["bombs"],
                    "map_locations":[
                      {
                        "map":"map",
                        "x":557,
                        "y":595
                      }
                    ],
                    "sections": [
                      {
                        "name":"Bridge Cave",
                        "item_count":1
                      }
                    ]
                  },
                  //Business Scrub
                  {
                    "name":"Business Scrub",
                    "access_rules":["bombs,shield"],
                    "map_locations": [
                      {
                        "map":"map",
                        "x":583,
                        "y":470,
                      }
                    ],
                    "sections": [
                      {
                        "name":"Business Scrub",
                        "item_count": 1
                      }
                    ]
                  },
                  //Crenel Wall HP
                  {
                    "name":"Fairy Cave Heart Piece",
                    "access_rules":["bombs"],
                    "map_locations": [
                      {
                        "map":"map",
                        "x":110,
                        "y":600,
                      }
                    ],
                    "sections": [
                      {
                        "name":"Fairy Cave",
                        "item_count": 1,
                        "chest_unopened_img":"images/Heart Piece.png",
                        "chest_opened_img":"images/Heart Piece Gray.png"
                      }
                    ]
                  },
                  //Crenel Wall Fairy
                  {
                    "name":"Crenel Wall Fairy",
                    "access_rules":["bombs,grip"],
                    "map_locations": [
                      {
                        "map":"map",
                        "x":225,
                        "y":500,
                      }
                    ],
                    "sections": [
                      {
                        "name":"Crenel Fairy",
                        "item_count": 1
                      }
                    ]
                  },
                  //Crenel Mines Cave
                  {
                    "name":"Crenel Mines Cave",
                    "access_rules":[
                      "grip,gust,bombs",
                      "grip,gust,bow",
                      "grip,gust,boomerang",
                      "grip,cape",
                      "grip,lights",
                      "cane"
                    ],
                    "map_locations":[
                      {
                        "map":"map",
                        "x":500,
                        "y":300
                      }
                    ],
                    "sections":[
                      {
                        "name":"Crenel Mines Cave",
                        "item_count":1
                      }
                    ]
                  },
                  //Melari
                  {
                    "name":"Melari",
                    "access_rules":[
                      "cof,cane",
                      "cof,grip,gust,bombs",
                      "cof,grip,gust,bow",
                      "cof,grip,gust,boomerang",
                      "cof,grip,cape",
                      "cof,grip,lights"
                    ],
                    "map_locations":[
                      {
                        "map":"map",
                        "x":425,
                        "y":350,
                      }
                    ],
                    "sections":[
                      {
                        "name":"Melari",
                        "item_count":1
                      }
                    ]
                  },
                  {
                    "name":"Grayblade",
                    "access_rules":["grip,sword3,spinattack"],
                    "map_locations":[
                      {
                        "map":"map",
                        "x":600,
                        "y":350,
                      }
                    ],
                    "sections":[
                      {
                        "name": "Grayblade",
                        "item_count":1,
                        "chest_unopened_img":"images/Tiger Scroll.png",
                        "chest_opened_img":"images/Tiger Scroll Done.png"
                      },
                      {
                        "name":"Chests",
                        "item_count":2
                      },
                      {
                        "name":"Heart Piece",
                        "item_count":1,
                        "chest_unopened_img":"images/Heart Piece.png",
                        "chest_opened_img":"images/Heart Piece Gray.png"
                      }
                    ]
                  }
                ]
              },
              //Crenel HP Cave
              {
                "name":"Crenel Heart Piece Cave",
                "access_rules":["bombs"],
                "map_locations": [
                  {
                    "map":"map",
                    "x":40,
                    "y":700,
                  }
                ],
                "sections": [
                  {
                    "name":"Chests",
                    "item_count": 2
                  },
                  {
                    "name":"Heart Piece",
                    "item_count": 1,
                    "chest_unopened_img":"images/Heart Piece.png",
                    "chest_opened_img":"images/Heart Piece Gray.png"
                  }
                ]
              },
              //Crenel Minish Crack
              {
                "name":"Crenel Minish Crack",
                "access_rules":["bombs","gust,cape"],
                "map_locations": [
                  {
                    "map":"map",
                    "x":225,
                    "y":865
                  }
                ],
                "sections": [
                  {
                    "name":"Minish Crack",
                    "item_count": 1
                  }
                ]
              },
              //Crenel Minish Hole
              {
                "name":"Crenel Minish Hole",
                "access_rules":[
                  "bombs",
                  "gust,cape"
                ],
                "map_locations": [
                  {
                    "map":"map",
                    "x":300,
                    "y":830
                  }
                ],
                "sections": [
                  {
                    "name":"Minish Hole",
                    "item_count": 1,
                  }
                ]
              },
              {
                "name":"Crenel Climbing Wall Cave",
                "access_rules":["mitts,grip"],
                "map_locations": [
                  {
                    "map":"map",
                    "x":35,
                    "y":200,
                  }
                ],
                "sections": [
                  {
                    "name":"Crenel Climbing Wall Cave",
                    "item_count":1,
                    "chest_unopened_img":"images/Heart Piece.png",
                    "chest_opened_img":"images/Heart Piece Gray.png"
                  }
                ]
              }
            ]
          },
          //Western Wood
          {
            "name":"Western Wood",
            "access_rules":["sword3,spinattack"],
            "children":[
              //Castor Wilds
              {
                "name":"Castor Wilds",
                "access_rules":["boots","cape"],
                "children":[
                  //Wind Ruins
                  {
                    "name":"Wind Ruins",
                    "access_rules":["kinstoneWilds:3,cape","kinstoneWilds:3,bow","kinstoneWilds:3,flippers"],
                    "children":[
                      {
                        "name":"Minish Wall Hole",
                        "map_locations": [
                          {
                            "map":"map",
                            "x":230,
                            "y":2000,
                          }
                        ],
                        "sections": [
                          {
                            "name":"Minish Wall Hole Heart Piece",
                            "item_count":1,
                            "chest_unopened_img":"images/Heart Piece.png",
                            "chest_opened_img":"images/Heart Piece Gray.png"
                          }
                        ]
                      },
                      {
                        "name":"Armos Kill",
                        "map_locations":[
                          {
                            "map":"map",
                            "x":560,
                            "y":1930
                          }
                        ],
                        "sections":[
                          {
                            "name":"Armos",
                            "item_count":2
                          }
                        ]
                      },
                      {
                        "name":"Bombable Wall",
                        "access_rules":["bombs"],
                        "map_locations": [
                          {
                            "map":"map",
                            "x":130,
                            "y":1780
                          }
                        ],
                        "sections": [
                          {
                            "name":"Bombable Wall",
                            "item_count":1
                          }
                        ]
                      },
                      {
                        "name":"Minish Hole",
                        "map_locations": [
                          {
                            "map":"map",
                            "x":50,
                            "y":2000
                          }
                        ],
                        "sections": [
                          {
                            "name":"Minish Hole",
                            "item_count":1
                          }
                        ]
                      }
                    ]
                  },
                  {
                    "name":"Darknut",
                    "map_locations": [
                      {
                        "map":"map",
                        "x":280,
                        "y":1375
                      }
                    ],
                    "sections": [
                      {
                        "name":"Darknut",
                        "item_count":1
                      }
                    ]
                  },
                  {
                    "name":"Mulldozers",
                    "access_rules":["gust","flippers"],
                    "map_locations":[
                      {
                        "map":"map",
                        "x":25,
                        "y":1175
                      }
                    ],
                    "sections":[
                      {
                        "name":"Bow Chest",
                        "item_count":1
                      }
                    ]
                  },
                  {
                    "name":"Swiftblade the First",
                    "access_rules":["bow","cape","flippers"],
                    "map_locations": [
                      {
                        "map":"map",
                        "x":50,
                        "y":1600,
                      }
                    ],
                    "sections": [
                      {
                        "name":"Swiftblade the First",
                        "access_rules":["sevenscrolls:7"],
                        "item_count":1,
                        "chest_unopened_img":"images/Tiger Scroll.png",
                        "chest_opened_img":"images/Tiger Scroll Done.png"
                      },
                      {
                        "name":"Heart Piece",
                        "item_count":1,
                        "chest_unopened_img":"images/Heart Piece.png",
                        "chest_opened_img":"images/Heart Piece Gray.png"
                      }
                    ]
                  },
                  {
                    "name":"South Lake Cave",
                    "access_rules":["cape","bow","flippers"],
                    "map_locations":[
                      {
                        "map":"map",
                        "x":465,
                        "y":1710
                      }
                    ],
                    "sections":[
                      {
                        "name":"South Lake Cave",
                        "item_count":1
                      }
                    ]
                  },
                  {
                    "name":"North Cave",
                    "access_rules":["bow"],
                    "map_locations":[
                      {
                        "map":"map",
                        "x":450,
                        "y":1165
                      }
                    ],
                    "sections":[
                      {
                        "name":"North Cave",
                        "item_count":1
                      }
                    ]
                  },
                  {
                    "name":"Platform Chest",
                    "access_rules":["bow"],
                    "map_locations":[
                      {
                        "map":"map",
                        "x":150,
                        "y":1400
                      }
                    ],
                    "sections":[
                      {
                        "name":"Platform Chest",
                        "item_count":1
                      }
                    ]
                  },
                  {
                    "name":"Castor Wilds Fusions",
                    "clear_as_group": false,
                    "map_locations":[
                      {
                        "map":"map",
                        "x":75,
                        "y":1700
                      }
                    ],
                    "sections":[
                      {
                        "name":"Left",
                        "access_rules":["kinstoneWilds:1"],
                        "item_count": 1,
                        "chest_opened_img":"images/Gold Kinstone (Wilds) Gray.png",
                        "chest_unopened_img":"images/Gold Kinstone (Wilds).png"
                      },
                      {
                        "name":"Middle",
                        "access_rules":["kinstoneWilds:2"],
                        "item_count": 1,
                        "chest_opened_img":"images/Gold Kinstone (Wilds) Gray.png",
                        "chest_unopened_img":"images/Gold Kinstone (Wilds).png"
                      },
                      {
                        "name":"Right",
                        "access_rules":["kinstoneWilds:3"],
                        "item_count": 1,
                        "chest_opened_img":"images/Gold Kinstone (Wilds) Gray.png",
                        "chest_unopened_img":"images/Gold Kinstone (Wilds).png"
                      }
                    ]
                  },
                  {
                    "name":"Castor Wilds Mitts Cave",
                    "access_rules":["mitts"],
                    "map_locations": [
                      {
                        "map":"map",
                        "x":525,
                        "y":1375
                      }
                    ],
                    "sections": [
                      {
                        "name":"Castor Wilds Mitts Cave",
                        "item_count":2
                      }
                    ]
                  },
                  {
                    "name":"Northeast Lake Cave",
                    "access_rules":["flippers,bow","cape,bow"],
                    "map_locations": [
                      {
                        "map":"map",
                        "x":650,
                        "y":1150,
                      }
                    ],
                    "sections": [
                      {
                        "name":"Northeast Lake Cave",
                        "item_count":1,
                        "chest_unopened_img":"images/Heart Piece.png",
                        "chest_opened_img":"images/Heart Piece Gray.png"
                      }
                    ]
                  }
                ]
              }
            ]
          },
          //Business Scrub
          {
            "name":"Business Scrub",
            "access_rules":["bombs,shield"],
            "map_locations":[
              {
                "map":"map",
                "x":875,
                "y":1210
              }
            ],
            "sections": [
              {
                "name":"Business Scrub",
                "item_count":1
              }
            ]
          },
          //Bomb Wall
          {
            "name":"Trilby Highlands Bomb Wall",
            "access_rules":["bombs,sword3,spinattack"],
            "map_locations":[
              {
                "map":"map",
                "x":760,
                "y":1160,
              }
            ],
            "sections": [
              {
                "name":"Trilby Highlands Bomb Wall",
                "item_count":1
              }
            ]
          },
          {
            "name":"Trilby Highlands Mitts Cave",
            "access_rules":["mitts"],
            "map_locations": [
              {
                "map":"map",
                "x":725,
                "y":950,
              }
            ],
            "sections": [
              {
                "name":"Trilby Cave",
                "item_count":2
              }
            ]
          }
        ]
      },
      //Hyrule Castle Gardens
      {
        "name":"Hyrule Castle Gardens",
        "children": [
          {
            "name":"Sanctuary Fusions",
            "map_locations": [
              {
                "map":"map",
                "x":1075,
                "y":190,
                "visibility_rules":["rando_yes"]
              }
            ],
            "sections":[
              {
                "name":"Red Sword Fusion",
                "access_rules":["sword3"],
                "item_count": 1
              },
              {
                "name":"Blue Sword Fusion",
                "access_rules":["sword4"],
                "item_count": 1
              },
              {
                "name":"Four Sword Fusion",
                "access_rules":["sword5"],
                "item_count": 1
              }
            ]
          },
          //Grimblade Dojo
          {
            "name":"Grimblade",
            "map_locations": [
              {
                "map":"map",
                "x":1610,
                "y":360,
              }
            ],
            "sections": [
              {
                "name":"Grimblade",
                "access_rules":["lamp,sword"],
                "item_count":1,
                "chest_unopened_img":"images/Tiger Scroll.png",
                "chest_opened_img":"images/Tiger Scroll Done.png"
              },
              {
                "name":"Heart Piece",
                "item_count":1,
                "chest_unopened_img":"images/Heart Piece.png",
                "chest_opened_img":"images/Heart Piece Gray.png"
              }
            ]
          },
          {
            "name":"Moat",
            "access_rules":["flippers"],
            "map_locations": [
              {
                "map":"map",
                "x":1050,
                "y":450,
              }
            ],
            "sections":[
              {
                "name":"Moat",
                "item_count":2
              }
            ]
          }
        ]
      },
      //North Hyrule Field
      {
        "name":"North Hyrule Field",
        "children": [
          //Royal Valley
          {
            "name":"Royal Valley",
            "access_rules":["sword4,flippers,spinattack","sword4,bombs,spinattack","sword4,cape,spinattack"],
            "children": [
              {
                "name":"Great Fairy",
                "access_rules":["bombs"],
                "map_locations": [
                  {
                    "map":"map",
                    "x":940,
                    "y":570,
                  }
                ],
                "sections":[
                  {
                    "name":"Great Fairy",
                    "item_count": 1
                  }
                ]
              },
              {
                "name":"Left Left Left Up Up Up",
                "map_locations": [
                  {
                    "map":"map",
                    "x":750,
                    "y":650,
                    "visibility_rules":["rando_yes"]
                  }
                ],
                "sections": [
                  {
                    "name":"Left Left Left Up Up Up",
                    "item_count":1
                  }
                ]
              },
              {
                "name":"Dampe",
                "map_locations": [
                  {
                    "map":"map",
                    "x":940,
                    "y":370
                  }
                ],
                "sections":[
                  {
                    "name":"Dampe",
                    "item_count": 1
                  }
                ]
              },
              {
                "name":"Northwest Grave",
                "access_rules":["sword4,gravekey,boots,spinattack"],
                "map_locations": [
                  {
                    "map":"map",
                    "x":725,
                    "y":200,
                  }
                ],
                "sections":[
                  {
                    "name":"Northwest Grave",
                    "item_count": 1,
                    "chest_unopened_img":"images/Heart Piece.png",
                    "chest_opened_img":"images/Heart Piece Gray.png"
                  }
                ]
              },
              {
                "name":"Royal Crypt",
                "access_rules":["gravekey,sword4,boots,spinattack"],
                "map_locations": [
                  {
                    "map":"map",
                    "x":827,
                    "y":150
                  }
                ],
                "sections": [
                  {
                    "name":"Gibdos",
                    "item_count": 1,
                    "chest_unopened_img":"images/Small Key.png",
                    "chest_opened_img":"images/Small Key.png"
                  },
                  {
                    "name":"Other Gibdos",
                    "item_count": 1
                  },
                  {
                    "name":"Left Path",
                    "item_count":1,
                    "chest_unopened_img":"images/Small Key.png",
                    "chest_opened_img":"images/Small Key.png"
                  },
                  {
                    "name":"Right Path",
                    "item_count":1,
                    "chest_unopened_img":"images/Small Key.png",
                    "chest_opened_img":"images/Small Key.png"
                  },
                  {
                    "name":"King Gustaf",
                    "access_rules": ["lamp"],
                    "item_count": 1
                  }
                ]
              }
            ]
          },
          {
            "name":"North Field Cave Heart Piece",
            "access_rules":["bombs","flippers","cape"],
            "map_locations": [
              {
                "map":"map",
                "x":1175,
                "y":650,
              },
              {
                "map":"map",
                "x":1180,
                "y":800
              }
            ],
            "sections": [
              {
                "name":"North Field Cave Heart Piece",
                "item_count":1,
                "chest_unopened_img":"images/Heart Piece.png",
                "chest_opened_img":"images/Heart Piece Gray.png"
              }
            ]
          }
        ]
      },
      //Hyrule Town
      {
        "name":"Hyrule Town",
        "children": [
          //Swiftblade Dojo
          {
            "name":"Swiftblade's Dojo",
            "map_locations": [
              {
                "map":"map",
                "x":1194,
                "y":1575,
              }
            ],
            "sections": [
              {
                "name":"Spin Attack",
                "access_rules":["sword"],
                "item_count":1,
                "chest_unopened_img":"images/Tiger Scroll.png",
                "chest_opened_img":"images/Tiger Scroll Done.png"
              },
              {
                "name":"Rock Breaker",
                "access_rules":["sword2"],
                "item_count":1,
                "chest_unopened_img":"images/Tiger Scroll.png",
                "chest_opened_img":"images/Tiger Scroll Done.png"
              },
              {
                "name":"Dash Attack",
                "access_rules":["sword,boots"],
                "item_count":1,
                "chest_unopened_img":"images/Tiger Scroll.png",
                "chest_opened_img":"images/Tiger Scroll Done.png"
              },
              {
                "name":"Down Thrust",
                "access_rules":["sword,cape"],
                "item_count":1,
                "chest_unopened_img":"images/Tiger Scroll.png",
                "chest_opened_img":"images/Tiger Scroll Done.png"
              }
            ]
          },
          //Stockwell's Shop
          {
            "name":"Stockwell's Shop",
            "map_locations": [
              {
                "map":"map",
                "x":1378,
                "y":1482,
              }
            ],
            "sections": [
              {
                "name":"Wallet Spot (80 Rupees)",
                "item_count": 1,
                "capture_item":true,
                "access_rules":["{}"]
              },
              {
                "name":"Boomerang Spot (300 Rupees)",
                "access_rules":["wallet2"],
                "item_count": 1,
                "capture_item":true,
                "access_rules":["{wallet2}"]
              },
              {
                "name":"Quiver Spot (600 Rupees)",
                "access_rules":["wallet4"],
                "item_count": 1,
                "capture_item":true,
                "access_rules":["{wallet3}"]
              },
              {
                "name":"Attic Chest",
                "access_rules":["cane","flippers","cape"],
                "item_count": 1
              },
              {
                "name":"Dog Food Bottle Spot",
                "capture_item":true,
                "access_rules":["cane","flippers","cape","{}"],
                "item_count": 1
              }
            ]
          },
          //Eastern Shops
          {
            "name":"Eastern Shops",
            "map_locations": [
              {
                "map":"map",
                "x":1225,
                "y":1350,
              }
            ],
            "sections":[
              {
                "name":"Rem",
                "access_rules":["mushroom"],
                "item_count": 1
              },
              {
                "name":"Simon's Simulations",
                "access_rules":["sword"],
                "item_count":1,
                "chest_unopened_img":"images/Heart Piece.png",
                "chest_opened_img":"images/Heart Piece Gray.png"
              },
              {
                "name":"Figurine House",
                "access_rules":["carlov"],
                "item_count": 3
              },
              {
                "name":"Figurine House Heart Piece",
                "access_rules":["carlov","{}"],
                "capture_item":true,
                "item_count":1,
                "chest_unopened_img":"images/Heart Piece.png",
                "chest_opened_img":"images/Heart Piece Gray.png"
              }
            ]
          },
          {
            "name":"Hearth Back Door Heart Piece",
            "access_rules":["cane","flippers","cape"],
            "map_locations": [
              {
                "map":"map",
                "x":1610,
                "y":1275,
              }
            ],
            "sections": [
              {
                "name":"Hearth Back Door Heart Piece",
                "item_count":1,
                "chest_unopened_img":"images/Heart Piece.png",
                "chest_opened_img":"images/Heart Piece Gray.png"
              }
            ]
          },
          {
            "name":"Bakery Attic Chest",
            "map_locations": [
              {
                "map":"map",
                "x":1425,
                "y":1345,
              }
            ],
            "sections":[
              {
                "name":"Bakery Attic Chest",
                "access_rules":["cane","flippers","cape"],
                "item_count": 1
              }
            ]
          },
          {
            "name":"Mayor's House Basement",
            "map_locations": [
              {
                "map":"map",
                "x":1535,
                "y":1220
              }
            ],
            "sections":[
              {
                "name":"Mayor's House Basement",
                "item_count": 1
              }
            ]
          },
          {
            "name":"Carlov",
            "access_rules":["cape","cane","flippers"],
            "map_locations": [
              {
                "map":"map",
                "x":1050,
                "y":1580
               }
            ],
            "sections":[
              {
                "name":"Carlov",
                "item_count":1
              }
            ]
          },
          {
            "name":"Stranger Fusion",
            "access_rules":["red3"],
            "codes":"stranger",
            "map_locations": [
              {
                "map":"map",
                "x":1095,
                "y":1240,
                "visibility_rules":["rando_yes"]
              }
            ],
            "sections":[
              {
                "name":"Stranger Fusion",
                "item_count": 1,
                "chest_unopened_img":"images/Red Kinstone 3.png",
                "chest_opened_img":"images/Red Kinstone 3 Gray.png"
              }
            ],
            "children":[
              {
                "name":"Wind Tribe House Early",
                "map_locations": [
                  {
                    "map":"map",
                    "x": 2303,
                    "y": 500,
                    "visibility_rules":["out_of_logic"]
                  }
                ],
                "sections":[
                  {
                    "name":"House Chests",
                    "item_count":3
                  },
                  {
                    "name":"Gregal 1st Item",
                    "access_rules":["gust"],
                    "item_count":1
                  }
                ]
              }
            ]
          },
          {
            "name":"Julietta's House",
            "map_locations": [
              {
                "map":"map",
                "x": 1540,
                "y": 1500,
              }
            ],
            "sections":[
              {
                "name":"Bookshelf",
                "capture_item":true,
                "access_rules":["cane,bottle","flippers,bottle","cape,bottle","{}"],
                "item_count":1
              }
            ]
          },
          {
            "name":"Fountain",
            "access_rules": ["bottle,cane","bottle,cape","bottle,flippers"],
            "map_locations": [
              {
                "map":"map",
                "x": 1225,
                "y": 1250,
              }
            ],
            "sections":[
              {
                "name":"Mulldozers",
                "access_rules":["$canDamage,cane"],
                "item_count":1
              },
              {
                "name":"Small Chest",
                "access_rules":["flippers","cape"],
                "item_count":1
              },
              {
                "name":"Heart Piece",
                "item_count":1,
                "access_rules":["cape","{}"],
                "capture_item": true,
                "chest_unopened_img":"images/Heart Piece.png",
                "chest_opened_img":"images/Heart Piece Gray.png"
              }
            ]
          },
          {
            "name":"Flippers Cave",
            "access_rules":["cane,ocarina,books:3,grip","flippers,cane,ocarina"],
            "map_locations":[
              {
                "map":"map",
                "x":1125,
                "y":1050
              }
            ],
            "sections": [
              {
                "name":"Scissor Beetles",
                "access_rules":["$canDamage,cape","$canDamage,gust","$canDamage,flippers"],
                "item_count":1
              },
              {
                "name":"Frozen Chest",
                "access_rules":["flippers,lamp"],
                "item_count":1
              }
            ]
          },
          {
            "name":"Dr. Left's House",
            "access_rules": ["bracelets,gust,sword3,cape,spinattack",
              "bracelets,gust,sword3,cane,spinattack",
              "bracelets,gust,sword3,flippers,spinattack",
              "bracelets,bombs,sword3,cape,spinattack",
              "bracelets,bombs,sword3,cane,spinattack",
              "bracelets,bombs,sword3,flippers,spinattack"],
            "map_locations": [
              {
                "map":"map",
                "x": 1030,
                "y": 1355,
              }
            ],
            "sections":[
              {
                "name":"Dr. Left's House",
                "item_count":1
              }
            ]
          },
          {
            "name":"Library",
            "access_rules": ["ocarina"],
            "map_locations": [
              {
                "map":"map",
                "x": 1215,
                "y": 1045,
              }
            ],
            "sections":[
              {
                "name":"Yellow Library Minish",
                "item_count":1,
                "access_rules":["books:3,cane"]
              },
            ]
          },
          //Cuccos
          {
            "name":"Anju",
            "access_rules": ["flippers","cape"],
            "map_locations": [
              {
                "map":"map",
                "x":1550,
                "y":1600,
              }
            ],
            "sections":[
              {
                "name":"Anju",
                "item_count": 1,
                "chest_unopened_img":"images/Heart Piece.png",
                "chest_opened_img":"images/Heart Piece Gray.png"
              }
            ]
          },
          //Town Cave
          {
            "name":"Town Digging Cave",
            "access_rules":["mitts"],
            "map_locations": [
              {
                "map":"map",
                "x":1465,
                "y":1275
              }
            ],
            "sections":[
              {
                "name":"Cave Chests",
                "item_count": 3
              },
              {
                "name":"Town Basement Left",
                "item_count":1,
              }
            ]
          },
          {
            "name":"Bell",
            "access_rules":["cape"],
            "map_locations": [
              {
                "map":"map",
                "x":1325,
                "y":1200,
              }
            ],
            "sections": [
              {
                "name":"Bell",
                "item_count": 1,
                "chest_unopened_img":"images/Heart Piece.png",
                "chest_opened_img":"images/Heart Piece Gray.png"
              }
            ]
          },
          {
            "name":"Hyrule Well",
            "map_locations": [
              {
                "map":"map",
                "x":1500,
                "y":1425,
              }
            ],
            "sections": [
              {
                "name":"Hyrule Well Bottom Chest",
                "access_rules":["flippers","cape"],
                "item_count":1
              },
              {
                "name":"Hyrule Well Center Chest",
                "access_rules":[
                  "flippers,mitts,sword4,spinattack",
                  "cape,mitts,sword4,spinattack"
                ],
                "item_count":1
              }
            ]
          },
          {
            "name":"School",
            "map_locations": [
              {
                "map":"map",
                "x":1500,
                "y":1050,
              }
            ],
            "sections": [
              {
                "name":"Garden Chests",
                "access_rules":["sword5,cane,spinattack"],
                "item_count":3
              },
              {
                "name":"Heart Piece",
                "item_count":1,
                "access_rules":["sword5,cane,spinattack","{cane}"],
                "capture_item":true,
                "chest_unopened_img":"images/Heart Piece.png",
                "chest_opened_img":"images/Heart Piece Gray.png"
              },
              {
                "name":"Roof Chest",
                "access_rules":["cane"],
                "item_count":1
              },
              {
                "name":"Pull the Statue",
                "access_rules":["bombs"],
                "item_count":1
              }
            ]
          },
          {
            "name":"Lady Next to Cafe",
            "map_locations": [
              {
                "map":"map",
                "x":1220,
                "y":1500
              }
            ],
            "sections": [
              {
                "name":"Lady Next to Cafe",
                "item_count":1
              }
            ]
          },
          {
            "name":"Hearth Ledge",
            "access_rules":["Lamp"],
            "map_locations": [
              {
                "map":"map",
                "x":1550,
                "y":1350
              }
            ],
            "sections": [
              {
                "name":"Hearth Ledge",
                "item_count":1
              }
            ]
          }
        ]
      },
      //South Hyrule Field
      {
        "name":"South Hyrule Field",
        "children": [
          //Link's House
          {
            "name":"Smith's House",
            "map_locations": [
              {
                "map":"map",
                "x":1430,
                "y":1900
              }
            ],
            "sections": [
              {
                "name":"Intro Items",
                "item_count": 3
              }
            ]
          },
          //Southwest Tree Heart Piece
          {
            "name":"Tree Heart Piece",
            "access_rules":["sword","lights","lamp","bombs"],
            "map_locations": [
              {
                "map":"map",
                "x":1622,
                "y":2000,
              }
            ],
            "sections": [
              {
                "name":"Tree Heart Piece",
                "item_count": 1,
                "chest_unopened_img":"images/Heart Piece.png",
                "chest_opened_img":"images/Heart Piece Gray.png"
              }
            ]
          },
          {
            "name":"Minish Flippers Hole",
            "access_rules":["boots,flippers,lamp","boots,flippers,bombs","boots,flippers,sword","boots,flippers,lights"],
            "map_locations": [
              {
                "map":"map",
                "x":1225,
                "y":1800,
              }
            ],
            "sections": [
              {
                "name":"Minish Flippers Hole",
                "item_count":1,
                "chest_unopened_img":"images/Heart Piece.png",
                "chest_opened_img":"images/Heart Piece Gray.png"
              }
            ]
          }
        ]
      },
      //Veil Falls
      {
        "name":"Veil Falls",
        "access_rules":["bombs"],
        "children": [
          //Cloud Tops
          {
            "name":"Cloud Tops",
            "access_rules":["kinstoneFalls,grip"],
            "children": [
              {
                "name":"Central Fusion",
                "access_rules":["kinstoneClouds:1"],
                "map_locations": [
                  {
                    "map":"map",
                    "x":3150,
                    "y":1110
                  }
                ],
                "sections": [
                  {
                    "name":"Central Fusion",
                    "item_count":1,
                    "chest_unopened_img":"images/Gold Kinstone (Clouds).png",
                    "chest_opened_img":"images/Gold Kinstone (Clouds) Gray.png"
                  }
                ]
              },
              {
                "name":"Top Right Fusion",
                "access_rules":["kinstoneClouds:1,mitts","kinstoneClouds:1,cape"],
                "map_locations": [
                  {
                    "map":"map",
                    "x":3275,
                    "y":850
                  }
                ],
                "sections": [
                  {
                    "name":"Top Right Fusion",
                    "item_count":1,
                    "chest_unopened_img":"images/Gold Kinstone (Clouds).png",
                    "chest_opened_img":"images/Gold Kinstone (Clouds) Gray.png"
                  }
                ]
              },
              {
                "name":"Top Left Fusion",
                "access_rules":["kinstoneClouds:1,mitts","kinstoneClouds:1,cape"],
                "map_locations": [
                  {
                    "map":"map",
                    "x":2700,
                    "y":830
                  }
                ],
                "sections": [
                  {
                    "name":"Top Left Fusion",
                    "item_count":1,
                    "chest_unopened_img":"images/Gold Kinstone (Clouds).png",
                    "chest_opened_img":"images/Gold Kinstone (Clouds) Gray.png"
                  }
                ]
              },
              {
                "name":"Bottom Left Fusion",
                "access_rules":["kinstoneClouds:1,mitts","kinstoneClouds:1,cape"],
                "map_locations": [
                  {
                    "map":"map",
                    "x":2855,
                    "y":1270
                  }
                ],
                "sections": [
                  {
                    "name":"Bottom Left Fusion",
                    "item_count":1,
                    "chest_unopened_img":"images/Gold Kinstone (Clouds).png",
                    "chest_opened_img":"images/Gold Kinstone (Clouds) Gray.png"
                  }
                ]
              },
              {
                "name":"Bottom Right Fusion",
                "access_rules":["kinstoneClouds:1,mitts","kinstoneClouds:1,cape"],
                "map_locations": [
                  {
                    "map":"map",
                    "x":3275,
                    "y":1270
                  }
                ],
                "sections": [
                  {
                    "name":"Bottom Right Fusion",
                    "item_count":1,
                    "chest_unopened_img":"images/Gold Kinstone (Clouds).png",
                    "chest_opened_img":"images/Gold Kinstone (Clouds) Gray.png"
                  }
                ]
              },
              {
                "name":"Kill Piranhas (North)",
                "access_rules": ["$canDamage,cape","$canDamage,mitts"],
                "map_locations": [
                  {
                    "map":"map",
                    "x":2970,
                    "y":840,
                  }
                ],
                "sections": [
                  {
                    "name":"Kill Piranhas",
                    "item_count":1,
                  }
                ]
              },
              {
                "name":"Kill Piranhas (South)",
                "access_rules": ["$canDamage,cape","$canDamage,mitts"],
                "map_locations": [
                  {
                    "map":"map",
                    "x":3010,
                    "y":1270,
                  }
                ],
                "sections": [
                  {
                    "name":"Kill Piranhas",
                    "item_count":1,
                  }
                ]
              },
              {
                "name":"Right Chest",
                "map_locations": [
                  {
                    "map":"map",
                    "x":3290,
                    "y":450
                  }
                ],
                "sections": [
                  {
                    "name":"Right Chest",
                    "item_count":1,
                  }
                ]
              },
              {
                "name":"Top Left North Chests",
                "access_rules":["mitts"],
                "map_locations": [
                  {
                    "map":"map",
                    "x":2730,
                    "y":150
                  }
                ],
                "sections": [
                  {
                    "name":"Top Left North Chests",
                    "item_count":2,
                  }
                ]
              },
              {
                "name":"Top Left South Chest",
                "access_rules":["mitts","cape"],
                "map_locations": [
                  {
                    "map":"map",
                    "x":2710,
                    "y":260
                  }
                ],
                "sections": [
                  {
                    "name":"Top Left South Chest",
                    "item_count":1,
                  }
                ]
              },
              {
                "name":"Bottom Left Chest",
                "access_rules":["mitts"],
                "map_locations": [
                  {
                    "map":"map",
                    "x":2730,
                    "y":680
                  }
                ],
                "sections": [
                  {
                    "name":"Bottom Left Chest",
                    "item_count":1,
                  }
                ]
              },
              {
                "name":"Center Left",
                "access_rules":["cape","mitts"],
                "map_locations": [
                  {
                    "map":"map",
                    "x":2845,
                    "y":575
                  }
                ],
                "sections": [
                  {
                    "name":"Center Left",
                    "item_count":1,
                  }
                ]
              },
              {
                "name":"Center Right",
                "access_rules":["cape","mitts"],
                "map_locations": [
                  {
                    "map":"map",
                    "x":3000,
                    "y":575
                  }
                ],
                "sections": [
                  {
                    "name":"Center Right",
                    "item_count":1,
                  }
                ]
              },
              {
                "name":"Wind Tribe House",
                "access_rules":["kinstoneClouds:5,mitts","kinstoneClouds:5,cape"],
                "map_locations": [
                  {
                    "map":"map",
                    "x":2303,
                    "y":350
                  }
                ],
                "sections":[
                  {
                    "name":"Save Gregal",
                    "access_rules":["gust"],
                    "item_count":1
                  },
                  {
                    "name":"Gregal's Gift",
                    "access_rules":["gust"],
                    "item_count":1
                  },
                  {
                    "name":"House Chests",
                    "item_count":8,
                    "clear_as_group":false
                  }
                ]
              }
            ]
          },
          {
            "name":"Upper Veil Falls Heart Piece",
            "access_rules":["flippers","cape","{bombs}"],
            "map_locations": [
              {
                "map":"map",
                "x":1760,
                "y":540,
              }
            ],
            "sections": [
              {
                "name":"Upper Heart Piece",
                "item_count":1,
                "capture_item":true,
                "chest_unopened_img":"images/Heart Piece.png",
                "chest_opened_img":"images/Heart Piece Gray.png"
              }
            ]
          },
          //North Veil Falls
          {
            "name":"North Veil Falls",
            "access_rules":["kinstoneFalls"],
            "children": [
              {
                "name":"Source of the Flow Cave",
                "map_locations": [
                  {
                    "map":"map",
                    "x":1695,
                    "y":450
                  },
                  {
                    "map":"map",
                    "x":1800,
                    "y":350
                  }
                ],
                "sections": [
                  {
                    "name":"Fusion",
                    "item_count":1,
                    "chest_unopened_img":"images/Gold Kinstone (Falls).png",
                    "chest_opened_img":"images/Gold Kinstone (Falls) Gray.png"
                  },
                  {
                    "name":"Bombable Wall First Chest",
                    "access_rules":["bombs"],
                    "item_count":1
                  },
                  {
                    "name":"Bombable Wall Second Chest",
                    "access_rules":["bombs,sword4,spinattack"],
                    "item_count":1
                  }
                ]
              },
              {
                "name":"Middle Cave",
                "map_locations": [
                  {
                    "map":"map",
                    "x":1845,
                    "y":180
                  }
                ],
                "sections": [
                  {
                    "name":"Bomb Wall Chest",
                    "access_rules":["grip,bombs"],
                    "item_count":1
                  },
                  {
                    "name":"Freestanding Chest",
                    "access_rules":["grip"],
                    "item_count":1
                  }
                ]
              },
            ]
          }
        ]
      },
      //Lon Lon Ranch
      {
        "name":"Lon Lon Ranch",
        "access_rules": ["sword","bombs","lamp","lights","ocarina"],
        "children": [
          {
            "name":"Veil Falls South Mitts Cave",
            "access_rules":["flippers,mitts,cane","cape,mitts,cane"],
            "map_locations": [
              {
                "map":"map",
                "x":1940,
                "y":525
              }
            ],
            "sections": [
              {
                "name":"Veil Falls South Mitts Cave",
                "item_count":2
              }
            ]
          },
          {
            "name":"Lower Veil Falls Heart Piece",
            "access_rules":["cane"],
            "map_locations": [
              {
                "map":"map",
                "x":1910,
                "y":750,
              }
            ],
            "sections": [
              {
                "name":"Lower Heart Piece",
                "item_count": 1,
                "chest_unopened_img":"images/Heart Piece.png",
                "chest_opened_img":"images/Heart Piece Gray.png"
              }
            ]
          },
          {
            "name": "Malon's Pot",
            "access_rules":[""],
            "map_locations": [
              {
                "map":"map",
                "x":1910,
                "y":1190
              }
            ],
            "sections": [
              {
                "name":"Malon's Pot",
                "item_count":1
              }
            ]
          },
          {
            "name": "Lon Lon Cave",
            "access_rules":["sword3,llrkey,spinattack","sword3,ocarina,spinattack","sword3,cape,spinattack","sword3,flippers,mitts,spinattack"],
            "map_locations": [
              {
                "map":"map",
                "x":1825,
                "y":1075
              }
            ],
            "sections": [
              {
                "name":"Lon Lon Cave",
                "item_count":1
              }
            ]
          },
          {
            "name": "Lon Lon Minish Crack",
            "access_rules":["llrkey,cane","ocarina,cane","cape","flippers,mitts,cane"],
            "map_locations": [
              {
                "map":"map",
                "x":2025,
                "y":805
              }
            ],
            "sections": [
              {
                "name":"Lon Lon Minish Crack",
                "item_count":1
              }
            ]
          },
          {
            "name":"Bonk the Tree",
            "map_locations": [
              {
                "map":"map",
                "x":1975,
                "y":1025,
              }
            ],
            "sections":[
              {
                "name":"Minish Path Heart Piece",
                "access_rules":["boots,flippers,mitts","boots,ocarina","boots,llrkey","boots,cape"],
                "item_count": 1,
                "chest_unopened_img":"images/Heart Piece.png",
                "chest_opened_img":"images/Heart Piece Gray.png"
              }
            ]
          }
        ]
      },
      //Lake Hylia
      {
        "name":"Lake Hylia",
          "access_rules": ["llrkey,sword",
            "llrkey,bombs",
            "llrkey,lamp",
            "llrkey,lights",
            "cape,sword",
            "cape,bombs,",
            "cape,lamp",
            "cape,lights",
            "ocarina",
            "flippers,mitts,sword",
            "flippers,mitts,bombs",
            "flippers,mitts,lamp",
            "flippers,mitts,lights"],
        "children": [
          {
            "name":"Fifi",
            "access_rules":["cane,dogbottle"],
            "map_locations": [
              {
                "map":"map",
                "x":2340,
                "y":820,
              }
            ],
            "sections": [
              {
                "name":"Fifi",
                "item_count": 1
              }
            ]
          },
          {
            "name":"Lake Cabin",
            "access_rules": ["flippers,boots,bracelets",
              "{flippers}","{cape}","{mitts,cane}",
              "cape,boots,gust,bracelets",
              "mitts,cane,boots,gust,bracelets"],
            "map_locations": [
              {
                "map":"map",
                "x": 2590,
                "y": 1365,
              }
            ],
            "sections":[
              {
                "name":"Lake Cabin",
                "capture_item":true,
                "item_count":1
              }
            ]
          },
          {
            "name":"North Minish Hole",
            "access_rules":["flippers,boots"],
            "map_locations":[
              {
                "map":"map",
                "x":2600,
                "y":850
              }
            ],
            "sections": [
              {
                "name":"North Minish Hole",
                "item_count":1
              }
            ]
          },
          {
            "name":"Pond Heart Piece",
            "access_rules":["flippers"],
            "map_locations": [
              {
                "map":"map",
                "x":2300,
                "y":820,
              }
            ],
            "sections": [
              {
                "name":"Diving for Love",
                "item_count":1,
                "chest_unopened_img":"images/Heart Piece.png",
                "chest_opened_img":"images/Heart Piece Gray.png"
              }
            ]
          },
          {
            "name":"Hylia Southern Heart Piece",
            "access_rules":["flippers","cape","{cane,mitts}"],
            "map_locations": [
              {
                "map":"map",
                "x":2430,
                "y":1335,
              }
            ],
            "sections": [
              {
                "name":"Hylia Southern Heart Piece",
                "item_count":1,
                "capture_item":true,
                "chest_unopened_img":"images/Heart Piece.png",
                "chest_opened_img":"images/Heart Piece Gray.png"
              }
            ]
          },
          {
            "name":"Minish Woods North Minish Hole",
            "access_rules":["flippers,boots"],
            "map_locations": [
              {
                "map":"map",
                "x":2626,
                "y":1470
              }
            ],
            "sections": [
              {
                "name":"Minish Woods North Minish Hole",
                "item_count":1,
              }
            ]
          },
          {
            "name":"Waveblade",
            "access_rules":["flippers","cape"],
            "map_locations": [
              {
                "map":"map",
                "x":2310,
                "y":1250,
              }
            ],
            "sections": [
              {
                "name":"Waveblade",
                "access_rules":["10hearts:10,sword"],
                "item_count":1,
                "chest_unopened_img":"images/Tiger Scroll.png",
                "chest_opened_img":"images/Tiger Scroll Done.png"
              },
              {
                "name":"Heart Piece",
                "item_count":1,
                "chest_unopened_img":"images/Heart Piece.png",
                "chest_opened_img":"images/Heart Piece Gray.png"
              }
            ]
          },
          {
            "name":"Hylia Cape Heart Piece",
            "access_rules":["cape","{ocarina}","{llrkey}","{flippers,mitts}"],
            "map_locations": [
              {
                "map":"map",
                "x":2475,
                "y":950,
              }
            ],
            "sections": [
              {
                "name":"Cape Heart Piece",
                "capture_item":true,
                "item_count":1,
                "chest_unopened_img":"images/Heart Piece.png",
                "chest_opened_img":"images/Heart Piece Gray.png"
              }
            ]
          },
          {
            "name":"North Hylia Cape Cave",
            "access_rules":["cape,mitts"],
            "map_locations": [
              {
                "map":"map",
                "x":2450,
                "y":850
              }
            ],
            "sections": [
              {
                "name":"North Hylia Cape Cave",
                "item_count":7,
                "clear_as_group":false
              }
            ]
          },
          {
            "name":"Lon Lon North Heart Piece",
            "map_locations": [
              {
                "map":"map",
                "x":2020,
                "y":875,
              }
            ],
            "sections":[
              {
                "name":"Lon Lon North Heart Piece",
                "access_rules":["mitts,cape","{llrkey}","{ocarina}","{cape}","{flippers,mitts}"],
                "capture_item":true,
                "item_count": 1,
                "chest_unopened_img":"images/Heart Piece.png",
                "chest_opened_img":"images/Heart Piece Gray.png"
              }
            ]
          },
        ]
      },
      //Eastern Hills
      {
        "name":"Eastern Hills",
        "access_rules":["bombs","sword","lamp","lights","ocarina"],
        "children": [
          {
            "name": "Eastern Hills Bombable Wall",
            "access_rules":["bombs"],
            "map_locations": [
              {
                "map":"map",
                "x":1775,
                "y":1900
              }
            ],
            "sections": [
              {
                "name":"Eastern Hills Bomb Wall",
                "item_count":1
              }
            ]
          }
        ]
      },
      //Minish Woods
      {
        "name": "Minish Woods",
        "access_rules":["sword","bombs","lamp","ocarina","lights"],
        "children": [
          {
            "name": "Northern Heart Piece",
            "access_rules":["flippers",
              "cape",
              "llrkey,cane",
              "ocarina,cane", "{lamp}","{lights}","{sword}","{bombs}","{ocarina}"],
            "map_locations": [
              {
                "map":"map",
                "x":2100,
                "y":1620,
              }
            ],
            "sections": [
              {
                "name":"Northern Heart Piece",
                "item_count":1,
                "capture_item":true,
                "chest_unopened_img":"images/Heart Piece.png",
                "chest_opened_img":"images/Heart Piece Gray.png"
              }
            ]
          },
          {
            "name": "Syrup's Hut",
            "access_rules":["sword,flippers",
              "llrkey,cane",
              "cape",
              "flippers",
              "ocarina,cane"],
            "map_locations": [
              {
                "map":"map",
                "x":2435,
                "y":1470,
              }
            ],
            "sections": [
              {
                "name":"Witch's Item (60 Rupees)",
                "item_count":1,
              }
            ]
          },
          {
            "name": "Minish Woods Great Fairy",
            "access_rules":["cane"],
            "map_locations": [
              {
                "map":"map",
                "x":2050,
                "y":1470,
              }
            ],
            "sections": [
              {
                "name":"Minish Woods Great Fairy",
                "item_count":1,
              }
            ]
          },
          //DWS Heart Piece
          {
            "name": "Shrine Heart Piece",
            "map_locations": [
              {
                "map":"map",
                "x":2250,
                "y":1900,
              }
            ],
            "sections": [
              {
                "name": "Shrine Heart Piece",
                "item_count": 1,
                "chest_unopened_img":"images/Heart Piece.png",
                "chest_opened_img":"images/Heart Piece Gray.png"
              }
            ]
          },
          {
            "name": "Like Like Cave",
            "access_rules": ["mitts"],
            "map_locations": [
              {
                "map":"map",
                "x":2375,
                "y":1650
              }
            ],
            "sections": [
              {
                "name":"Like Like Cave",
                "item_count":2
              }
            ]
          },
          //Minish Village
          {
            "name": "Minish Village",
            "map_locations": [
              {
                "map":"map",
                "x":2297,
                "y":2000,
              }
            ],
            "sections": [
              {
                "name": "Barrel",
                "item_count": 1,
              },
              {
                "name": "Dock Heart Piece",
                "item_count": 1,
                "chest_unopened_img":"images/Heart Piece.png",
                "chest_opened_img":"images/Heart Piece Gray.png"
              }
            ]
          },
          //Belari
          {
            "name":"Belari",
            "access_rules":["dws","bombs"],
            "map_locations": [
              {
                "map":"map",
                "x":2175,
                "y":1950,
              }
            ],
            "sections": [
              {
                "name":"Belari",
                "item_count": 1
              }
            ]
          },
          {
            "name":"Minish Woods North Digging Cave",
            "access_rules": ["mitts,cape","mitts,flippers","mitts,cane,llrkey","mitts,cane,ocarina"],
            "map_locations": [
              {
                "map":"map",
                "x": 2300,
                "y": 1600
              }
            ],
            "sections":[
              {
                "name":"Minish Woods North Digging Cave",
                "item_count":1
              }
            ]
          },
          {
            "name":"Minish Flippers Cave",
            "access_rules":["flippers,bombs","flippers,dws"],
            "map_locations": [
              {
                "map":"map",
                "x":2050,
                "y":1800,
              }
            ],
            "sections": [
              {
                "name":"Left",
                "item_count":1
              },
              {
                "name":"Left Heart Piece",
                "item_count":1,
                "chest_unopened_img":"images/Heart Piece.png",
                "chest_opened_img":"images/Heart Piece Gray.png"
              },
              {
                "name":"Middle",
                "item_count":1
              },
              {
                "name":"Right",
                "item_count":1
              }
            ]
          }
        ]
      },
    ]
  }
]
